,Log_Post_Quantidade_Somado,Login_Quantidade,Assignment_View_Quantidade_Somado,Turno_TempoUsoTotal_Somado,Numero_Dias_Acessados_Modulo_Somado,Log_View_Quantidade_Somado,Evadido,CodigoTurma
0,9,44,34,48530,19,413,0,4434
1,5,9,6,18399,13,159,0,4603
2,2,6,3,6413,9,86,1,4603
3,0,0,0,0,1,1,1,4603
4,54,11,6,23393,9,144,0,4603
5,0,4,2,6083,4,55,1,4603
6,3,8,5,7383,6,50,1,4603
7,0,0,0,0,0,0,1,4603
8,2,8,6,10307,9,95,1,4603
9,0,0,0,0,0,0,1,4603
10,6,18,11,20876,13,139,0,4448
11,18,36,9,41779,16,373,0,4448
12,12,12,8,15420,12,139,0,4448
13,14,9,24,17319,13,108,1,4448
14,1,2,0,3309,6,37,1,4448
15,2,2,7,17209,6,126,0,4448
16,41,2,6,13659,7,97,0,4433
17,3,12,14,12918,11,136,0,4433
18,2,29,14,22686,14,188,0,4433
19,0,19,8,13656,8,117,1,4433
20,0,0,0,315,1,4,1,4433
21,0,0,0,1996,5,11,1,4433
22,13,43,12,27708,17,335,0,4433
23,15,17,17,21146,8,141,1,4434
24,0,0,0,0,0,0,1,4434
25,1,4,2,2867,3,27,1,4434
26,2,4,5,8384,6,78,0,4435
27,11,53,17,46463,14,502,1,4435
28,69,7,10,22105,9,110,1,4435
29,43,1,5,8011,6,31,1,4435
30,11,9,8,22416,11,228,1,4435
31,31,8,9,16536,7,108,0,4435
32,70,2,5,11337,3,29,0,4435
33,14,5,10,18732,10,102,1,4433
34,4,12,9,13022,8,81,0,4433
35,9,2,10,11788,13,84,0,4433
36,1,1,1,3986,6,38,1,4434
37,32,16,13,18327,11,196,1,4434
38,2,6,6,6937,6,39,0,4434
39,7,10,15,16524,11,168,0,4434
40,13,12,5,10087,10,66,1,4434
41,26,7,6,22620,12,176,1,4434
42,4,14,12,20283,8,163,1,4435
43,8,9,12,19043,13,160,0,4435
44,48,19,9,31767,13,275,0,4435
45,90,31,9,29376,11,225,0,4435
46,13,7,12,11483,5,49,1,4435
47,113,18,21,28479,16,176,0,4435
48,2,9,17,21013,13,346,1,4114
49,0,6,2,4877,5,71,1,4114
50,24,9,4,11278,5,77,1,4114
51,3,3,6,23605,13,211,0,4114
52,0,0,0,672,1,16,1,4435
53,3,6,9,18137,8,112,0,4448
54,14,16,3,12750,10,100,0,4603
55,16,6,4,26958,15,178,0,4603
56,23,11,15,13063,10,123,0,4603
57,2,4,3,14669,7,74,0,4603
58,26,5,1,17549,7,85,1,4603
59,2,8,1,6706,10,46,0,4603
60,4,8,3,10437,10,89,0,4603
61,11,8,3,20611,8,152,1,4603
62,2,8,8,4796,8,41,1,4603
63,9,8,5,25162,13,188,1,4603
64,6,17,2,13498,12,145,1,4603
65,2,6,2,3992,4,33,0,4603
66,17,7,15,20273,15,176,0,4448
67,0,0,2,1933,3,10,1,4448
68,15,6,8,24877,10,149,0,4448
69,18,16,12,16060,9,125,1,4448
70,3,1,6,13376,10,167,1,4435
71,0,5,4,7417,7,38,1,4435
72,0,1,0,1982,2,12,1,4435
73,9,7,13,14687,12,156,0,4434
74,3,19,9,27346,12,133,0,4434
75,6,9,3,9958,9,90,1,4434
76,14,13,7,13641,10,60,0,4434
77,4,6,11,16748,12,239,0,4435
78,0,0,0,0,0,0,1,4435
79,6,4,15,19336,13,124,0,4435
80,2,5,5,9128,6,60,0,4434
81,5,11,9,19666,11,154,0,4434
82,3,7,9,7750,8,71,1,4434
83,3,10,8,20233,12,153,1,4434
84,27,14,13,35334,11,266,0,4435
85,2,8,12,4831,6,48,0,4435
86,2,2,3,3472,4,12,1,4435
87,2,10,7,17555,12,185,0,4435
88,4,5,13,4926,7,40,0,4435
89,2,8,6,3812,6,33,0,4435
90,2,8,3,7275,3,43,1,4435
91,2,5,3,10219,9,45,0,4435
92,10,10,8,20095,8,283,0,4435
93,3,8,8,11611,11,74,0,4433
94,3,9,7,13727,10,145,0,4433
95,2,15,18,11532,12,161,0,4433
96,2,7,6,8307,6,53,1,4434
97,0,1,3,1932,5,16,1,4434
98,0,0,0,300,2,2,1,4434
99,90,20,9,27384,12,224,1,4433
100,0,0,0,0,0,0,1,4433
101,0,0,0,47,1,2,1,4433
102,1,6,4,18903,8,112,1,4433
103,2,4,11,11150,10,84,0,4433
104,15,17,12,21306,14,306,1,4434
105,2,13,8,10592,11,76,1,4434
106,0,0,0,948,3,6,1,4434
107,0,4,4,3349,6,49,1,4434
108,7,22,21,16071,14,190,0,4434
109,26,38,14,39892,12,427,0,4434
110,0,0,0,0,0,0,1,4434
111,6,5,13,21679,15,205,0,4435
112,11,26,15,37188,16,338,0,4435
113,3,15,5,10403,13,107,1,4435
114,2,1,4,6238,3,50,1,4434
115,2,4,5,6143,5,42,1,4434
116,2,7,5,7921,8,49,1,4434
117,5,7,7,15929,12,119,0,4434
118,3,7,2,8759,3,53,1,4434
119,0,7,4,11852,10,70,1,4434
120,0,7,4,11852,10,70,1,4434
121,4,12,7,9544,9,139,1,4434
122,6,10,5,16050,7,194,1,4435
123,22,4,4,19464,4,109,0,4435
124,34,29,15,54101,20,503,0,4435
125,1,7,5,5900,2,48,1,4435
126,2,1,3,1570,3,36,1,4433
127,1,0,4,2745,3,51,1,4433
128,13,3,9,6580,8,44,1,4433
129,0,0,0,1159,3,17,1,4433
130,2,2,4,3950,7,23,1,4434
131,2,6,8,6272,10,64,0,4434
132,23,12,5,22489,11,141,0,4434
133,2,3,4,1614,5,15,1,4433
134,2,3,7,4464,7,58,0,4433
135,6,17,12,13730,8,75,1,4433
136,0,0,0,0,0,0,1,4433
137,74,23,11,27050,7,176,0,4433
138,16,11,13,13317,11,119,0,4433
139,0,0,0,0,0,0,1,4433
140,6,10,11,7498,8,73,0,4434
141,14,11,6,12608,12,105,0,4434
142,2,69,26,31496,12,481,0,4434
143,4,9,8,18982,11,114,1,4434
144,16,20,7,12107,6,132,1,4434
145,0,14,13,18403,12,120,1,4435
146,3,2,14,8152,7,101,1,4435
147,43,23,14,35169,19,215,0,4435
148,2,9,8,7921,5,62,1,4435
149,4,22,23,31162,12,277,0,4433
150,8,5,0,4732,5,35,1,4434
151,0,0,0,0,0,0,1,4433
152,1,3,4,11631,4,58,1,4433
153,6,7,19,13088,12,123,1,4433
154,0,2,2,2737,7,23,1,4433
155,2,0,0,2920,2,26,1,4114
156,0,0,0,0,0,0,1,4114
157,3,4,3,4937,4,47,1,4114
158,12,7,4,10807,7,130,1,4114
159,0,4,2,5964,7,37,1,4114
160,1,0,2,1809,3,38,1,4114
161,8,17,12,12218,13,133,0,4114
162,1,0,0,4405,3,39,1,4114
163,42,9,7,21113,8,139,1,4114
164,8,11,5,10087,7,77,1,4114
165,61,16,14,27266,13,324,1,4114
166,3,5,7,18097,14,174,1,4114
167,39,22,9,27047,17,235,0,4114
168,3,4,7,6177,8,49,1,4114
169,30,13,4,30419,11,166,0,4114
170,0,0,0,1464,2,17,1,4114
171,7,2,8,5190,5,44,1,4114
172,2,3,5,10841,7,75,1,4114
173,6,21,9,15714,12,125,1,4114
174,52,3,3,16275,8,160,1,4114
175,2,4,2,4143,5,25,1,4114
176,8,8,5,17656,15,144,1,4114
177,0,5,3,8305,6,90,1,4114
178,4,6,4,7535,5,112,0,4114
179,3,8,6,6861,6,86,1,4114
180,2,2,4,3662,5,30,1,4114
181,2,22,11,10629,13,113,0,4917
182,0,4,2,4526,4,55,1,4917
183,3,8,3,16348,14,100,1,4917
184,2,4,2,3587,6,26,0,4917
185,7,17,14,27752,16,172,0,4917
186,0,8,1,3823,8,34,1,4917
187,0,0,0,433,2,10,1,4917
188,12,20,9,13163,14,91,0,4917
189,2,5,5,4107,10,41,1,4917
190,0,0,1,1394,3,5,1,4917
191,8,5,8,14815,14,111,0,4917
192,7,10,3,11188,7,83,1,4917
193,0,12,1,7305,3,51,1,4917
194,1,0,0,5526,3,53,1,4917
195,0,0,0,802,2,6,1,4917
196,2,10,3,19244,5,131,0,4917
197,80,9,13,24089,17,127,0,4917
198,1,20,3,14421,11,122,1,4917
199,1,6,0,9070,4,77,1,4917
200,2,3,2,9168,9,50,0,4917
201,3,2,2,6474,6,62,1,4917
202,2,2,2,2279,4,16,1,4917
203,18,3,2,17011,12,128,1,4917
204,3,8,7,12028,11,64,0,4917
205,3,11,8,14253,18,111,1,4917
206,66,33,11,34463,14,289,0,4917
207,1,5,1,9702,6,100,1,4917
208,0,7,7,9423,11,100,1,5061
209,3,14,17,22672,13,211,1,5061
210,3,16,8,6056,8,57,1,5061
211,0,0,0,96,1,2,1,5061
212,7,23,36,17325,6,174,1,5061
213,0,8,8,5031,5,45,1,5061
214,58,21,12,19957,9,128,1,5061
215,3,16,7,11646,12,57,0,5061
216,10,0,0,2590,3,25,1,5061
217,0,6,7,2841,5,34,1,5061
218,4,7,8,11233,6,145,0,5061
219,0,2,7,1506,3,19,1,5061
220,0,4,7,6647,8,58,1,5061
221,5,14,7,4204,4,65,0,5061
222,21,22,14,22637,15,189,1,5061
223,95,3,17,22321,11,112,1,5061
224,2,2,12,9086,8,86,1,5061
225,30,29,15,44950,15,255,1,5061
226,24,19,19,25049,5,206,1,5061
227,3,14,16,7716,8,64,0,5061
228,3,16,10,20579,14,126,1,5061
229,19,28,22,28461,8,206,1,5061
230,0,1,1,1956,5,19,1,5384
231,36,14,8,21834,12,158,0,5384
232,2,10,6,5697,3,36,1,5384
233,2,5,8,8225,8,50,1,5384
234,3,9,13,4318,5,33,0,5384
235,6,8,8,6377,4,52,1,5384
236,0,1,2,2737,8,42,1,5384
237,4,5,7,3110,7,26,1,5384
238,2,2,6,4401,7,34,1,5384
239,15,5,2,7553,6,31,1,5384
240,15,27,10,37505,18,310,0,5384
241,38,21,11,41297,14,328,0,5384
242,8,20,11,23185,12,184,0,5384
243,19,5,13,18120,8,187,1,5384
244,15,23,5,21214,13,258,0,5384
245,3,8,6,9890,11,68,1,5384
246,0,0,0,0,0,0,1,5384
247,0,4,1,2098,6,13,1,5384
248,0,2,2,4302,5,18,1,5384
249,29,12,9,23706,13,179,0,5384
250,10,7,11,11799,16,91,0,5384
251,23,22,12,31468,16,357,0,5384
252,29,7,9,10853,10,53,1,5384
253,0,7,4,11629,13,82,1,5384
254,14,23,18,35167,22,246,0,5384
255,43,13,15,36720,20,299,0,5384
256,54,31,16,40989,16,295,0,5384
257,3,7,12,13826,13,114,0,5384
258,4,12,12,9858,17,67,1,5384
259,13,36,17,44836,18,400,0,5384
260,6,12,8,16868,7,158,0,5384
261,3,4,5,8984,11,61,1,5384
262,1,5,3,10029,6,73,1,5384
263,0,4,6,7108,8,86,1,5384
264,2,11,9,7276,9,71,1,5384
265,2,23,8,17388,10,149,1,5384
266,19,5,6,9559,9,61,1,5384
267,2,6,6,4315,9,24,0,5384
268,0,0,0,0,0,0,1,5384
269,5,14,10,8591,10,78,0,5384
270,6,8,15,9189,8,75,1,5384
271,5,8,10,25379,7,159,0,5384
272,0,0,1,1941,4,18,1,5384
273,0,0,0,2148,2,32,1,5384
274,4,12,7,17077,19,129,0,5384
275,57,6,6,12949,9,107,1,5384
276,4,9,12,4976,3,75,1,5384
277,2,19,10,13837,13,122,1,5384
278,2,5,5,4643,5,45,1,5489
279,3,0,2,3114,5,45,0,5489
280,3,2,0,3071,7,34,1,5489
281,0,0,0,1099,1,9,1,5489
282,2,14,4,10137,9,86,0,5489
283,6,3,3,6121,8,28,1,5489
284,5,8,10,26572,14,182,0,5489
285,3,2,7,8451,9,61,1,5489
286,3,1,2,12012,7,94,0,5489
287,3,7,3,6596,13,53,0,5489
288,3,5,1,10343,6,65,1,5489
289,17,10,5,12336,9,128,1,5489
290,2,5,3,11316,6,60,0,5489
291,0,0,2,4298,4,56,1,5489
292,4,17,11,50049,16,367,0,5489
293,2,8,2,9935,9,60,1,5489
294,2,7,0,10985,12,46,1,5489
295,14,42,19,33840,15,322,1,5489
296,1,7,1,15532,15,88,1,5489
297,80,69,7,66699,23,534,0,5489
298,2,0,0,3929,4,32,1,5489
299,13,2,0,7544,7,40,1,5489
300,4,5,3,12168,8,74,0,5489
301,19,27,8,37210,18,272,0,5489
302,1,26,9,25416,13,207,1,5489
303,1,0,0,2720,4,18,1,5489
304,0,0,0,0,0,0,1,5489
305,9,4,1,13587,9,81,1,5489
306,0,3,3,7008,9,61,1,5489
307,4,8,6,8488,13,70,0,5489
308,0,0,0,3381,1,16,1,5489
309,0,1,1,2176,6,21,1,5489
310,2,6,1,7053,5,74,1,5489
311,6,21,7,34634,16,290,0,5489
312,0,3,1,2331,4,20,1,5489
313,0,0,0,2008,4,32,1,5489
314,0,0,0,0,0,0,1,5489
315,0,0,0,300,1,2,1,5489
316,6,6,3,8057,9,77,0,5489
317,2,7,4,8559,5,79,0,5489
318,0,0,0,1232,2,4,1,5489
319,0,0,0,0,0,0,1,5489
320,0,0,0,0,0,0,1,5489
321,8,45,6,45057,19,320,0,5490
322,0,0,0,0,0,0,1,5490
323,3,22,2,18408,17,426,1,5490
324,3,7,3,8402,6,72,1,5490
325,0,0,0,1230,3,6,1,5490
326,2,16,5,11737,9,95,1,5490
327,0,1,0,1189,3,9,1,5490
328,23,32,8,43672,19,321,0,5490
329,2,15,13,23332,10,144,0,5490
330,5,15,5,18077,8,131,0,5490
331,28,20,14,33409,15,310,0,5490
332,8,11,6,21155,12,149,0,5490
333,16,12,7,11358,7,68,0,5490
334,1,0,0,4380,3,17,1,5490
335,15,8,3,27976,15,179,0,5490
336,2,7,9,6157,10,50,0,5490
337,2,3,3,17882,8,88,0,5490
338,13,6,3,27507,10,134,1,5490
339,0,0,0,1770,3,15,1,5490
340,4,17,5,25541,18,171,1,5490
341,0,3,2,1654,3,27,1,5490
342,3,8,3,15226,13,138,1,5490
343,0,1,1,3024,4,22,1,5490
344,1,0,0,3167,5,36,1,5490
345,2,4,6,7453,6,37,1,5490
346,34,13,9,34937,13,229,0,5490
347,6,19,3,18465,10,129,0,5490
348,12,19,4,36155,17,237,0,5490
349,0,0,0,370,2,4,1,5490
350,28,15,5,20593,7,100,0,5490
351,2,4,4,8045,8,53,0,5490
352,42,16,6,31620,21,225,1,5490
353,2,20,2,16591,11,116,1,5490
354,2,14,4,16555,12,145,1,5490
355,3,4,4,6590,7,60,1,5490
356,19,11,2,15634,11,97,1,5490
357,2,6,4,5835,5,36,1,5490
358,5,29,8,25782,11,249,0,5490
359,0,15,0,17574,12,159,1,5490
360,0,0,0,921,3,4,1,5490
361,0,10,7,3860,5,55,1,5799
362,2,1,3,4494,7,34,1,5799
363,18,2,11,12071,6,63,1,5799
364,2,4,4,7427,12,89,1,5799
365,2,3,2,2140,6,20,1,5799
366,0,11,0,7584,5,74,1,5799
367,27,12,5,14526,15,112,1,5799
368,2,8,2,4745,2,37,1,5799
369,2,12,4,6198,12,97,0,5799
370,0,4,0,6481,9,33,1,5799
371,15,16,4,36499,16,281,0,5799
372,9,1,2,6208,7,43,0,5799
373,4,9,3,15380,4,87,0,5799
374,2,3,5,4014,8,69,0,5799
375,34,5,2,12601,12,58,1,5799
376,0,9,2,9841,12,74,1,5799
377,8,5,2,7532,6,29,0,5799
378,1,4,0,9823,10,76,1,5799
379,3,6,4,4988,9,65,0,5799
380,4,5,3,2496,5,34,1,5799
381,2,8,3,7469,10,41,1,5799
382,2,8,4,15702,10,113,1,5799
383,2,7,3,10727,10,96,1,5799
384,2,3,6,2595,4,30,1,5799
385,5,3,3,11721,13,162,0,5799
386,3,3,4,6221,5,64,0,5799
387,38,26,19,39533,18,335,1,5799
388,2,3,3,6807,9,55,1,5799
389,22,11,4,23383,6,107,0,6030
390,3,7,11,2957,3,36,1,6030
391,2,3,2,3267,3,22,1,6030
392,19,14,20,16197,8,142,1,6030
393,0,0,3,2259,3,12,1,6030
394,0,3,3,1798,3,32,1,6030
395,0,0,0,49,1,2,1,6030
396,0,0,0,0,0,0,1,6030
397,8,9,6,10621,4,65,0,6030
398,11,3,13,14623,10,92,0,6030
399,4,4,10,26355,13,213,1,6030
400,4,0,0,10292,5,68,1,6030
401,8,4,8,5126,5,36,0,6030
402,22,16,13,12304,7,158,1,6030
403,36,30,19,35865,17,309,1,6030
404,3,2,1,6574,8,36,1,6030
405,1,7,8,15252,12,56,1,6030
406,6,0,0,4659,4,31,1,6030
407,3,15,8,32281,14,212,1,6030
408,25,22,13,40990,18,212,0,6030
409,0,2,1,3587,8,41,1,6030
410,19,16,12,30882,14,341,0,6030
411,17,32,13,26815,15,289,1,6030
412,23,19,13,33059,20,186,0,6030
413,4,7,11,8083,7,100,1,6030
414,13,16,10,30094,12,274,1,6030
415,12,21,16,26778,12,275,1,6030
416,2,20,7,19469,9,196,1,6030
417,0,10,9,16951,9,122,1,6030
418,6,4,3,9271,4,110,1,6030
419,2,11,6,25255,12,203,0,6400
420,5,7,6,16216,13,203,1,6400
421,3,31,4,44395,15,372,0,6400
422,1,8,5,8173,7,87,1,6400
423,2,13,3,5514,4,69,1,6400
424,0,0,0,0,0,0,1,6400
425,2,6,3,6103,9,39,1,6400
426,8,21,5,19681,14,121,1,6400
427,0,0,0,0,0,0,1,6400
428,0,2,0,1828,4,11,1,6400
429,0,0,0,0,0,0,1,6400
430,2,6,6,12205,15,106,1,6400
431,3,7,10,15923,11,184,1,6400
432,5,15,5,25800,20,197,1,6400
433,1,2,3,5431,7,83,1,6400
434,0,7,0,2268,4,19,1,6400
435,3,8,3,16541,10,117,0,6400
436,86,58,21,71501,22,550,0,6400
437,2,19,4,29418,16,177,1,6400
438,1,3,1,10735,7,79,1,6400
439,3,16,3,22562,19,207,0,6400
440,1,7,0,7315,12,47,1,6400
441,4,7,3,18590,12,78,1,6400
442,4,2,0,17322,5,145,1,6400
443,3,12,4,19629,17,163,1,6400
444,3,20,4,23884,13,196,1,6400
445,2,18,2,16479,17,140,0,6400
446,13,19,4,19007,8,185,1,6400
447,1,5,2,12016,11,130,1,6400
448,1,8,8,9324,11,92,1,6400
449,2,12,8,10682,13,89,0,6400
450,0,3,0,5819,9,69,1,6400
451,2,17,8,18159,12,156,0,6400
452,10,29,6,24542,17,154,1,6400
453,2,5,6,8284,15,57,1,6400
454,2,11,3,16045,10,68,1,6400
455,2,7,7,17601,18,118,0,6400
456,3,7,2,7188,9,53,1,6400
457,2,18,3,20919,17,126,0,6400
458,10,18,20,14173,10,134,0,6400
459,0,0,3,7430,9,89,1,6400
460,42,70,7,82310,21,627,0,6400
461,2,28,10,49528,20,319,0,6400
462,12,14,13,9986,5,112,1,6400
463,0,1,2,1541,5,16,1,6400
464,0,0,0,341,2,4,1,6401
465,5,6,6,5770,6,83,1,6401
466,2,13,7,9899,10,83,0,6401
467,2,29,15,31396,15,245,0,6401
468,12,1,6,8887,8,29,0,6401
469,0,0,0,0,0,0,1,6401
470,0,3,6,9759,13,72,1,6401
471,15,20,17,30487,20,305,0,6401
472,3,8,12,9856,10,118,1,6401
473,0,0,0,0,0,0,1,6401
474,49,40,20,46489,19,328,1,6401
475,2,20,24,25938,15,312,1,6401
476,0,0,0,600,2,2,1,6401
477,4,4,8,7410,12,81,1,6401
478,2,10,15,13181,10,139,1,6401
479,20,16,7,14590,10,142,0,6401
480,2,7,11,16757,13,146,0,6401
481,44,31,24,53808,24,382,0,6401
482,4,22,19,18161,13,171,1,6401
483,3,10,11,26329,12,286,0,6401
484,2,4,6,5254,4,49,0,6401
485,29,25,20,22842,15,167,0,6401
486,0,4,6,10263,9,152,1,6401
487,0,0,0,0,0,0,1,6401
488,44,199,23,154218,24,1424,0,6401
489,17,23,15,52513,19,466,0,6401
490,4,16,14,30366,17,289,1,6401
491,3,0,4,8268,7,61,1,6401
492,2,22,7,24860,14,180,1,6401
493,8,18,6,23656,10,195,1,6401
494,57,40,19,63255,21,487,0,6401
495,14,25,19,23832,20,159,0,6401
496,4,25,14,41630,17,275,1,6401
497,0,0,1,3305,4,31,1,6401
498,29,2,10,18631,8,88,1,6401
499,2,10,13,9101,11,96,0,6401
500,0,0,2,1892,4,31,1,6401
501,14,38,5,31332,18,441,0,6401
502,11,7,6,11408,12,71,0,6401
503,14,22,9,24958,16,172,1,6401
504,0,0,0,0,0,0,1,6401
505,0,11,10,16350,8,180,1,6401
506,2,7,5,9555,8,92,1,6401
507,0,3,3,6998,7,56,1,6401
508,2,17,13,27462,9,234,0,6401
509,2,49,24,25136,11,262,1,6401
510,0,0,0,0,0,0,1,6402
511,0,4,1,8702,5,41,0,6402
512,0,0,0,600,3,3,1,6402
513,45,10,8,12897,13,72,0,6402
514,4,7,3,14357,7,75,0,6402
515,15,8,9,3756,3,35,1,6402
516,0,0,0,0,0,0,1,6402
517,8,12,9,18044,14,162,1,6402
518,3,7,4,10814,11,73,1,6402
519,0,0,0,4663,3,36,1,6402
520,2,14,3,17956,7,133,0,6402
521,18,2,2,8252,7,43,1,6402
522,5,9,12,44421,14,255,1,6402
523,5,13,6,21972,13,176,1,6402
524,0,0,0,0,0,0,1,6402
525,5,21,6,19142,9,175,0,6402
526,0,7,4,6412,4,89,1,6402
527,2,1,3,8510,6,61,0,6402
528,2,9,7,12598,15,93,0,6402
529,50,4,1,30103,15,219,1,6402
530,0,1,0,3276,3,20,1,6402
531,6,13,4,26333,8,183,1,6402
532,45,15,7,21371,10,157,1,6402
533,12,13,8,30784,15,271,1,6402
534,8,32,7,36171,14,380,0,6402
535,86,19,6,38526,17,351,1,6402
536,4,2,0,8408,9,80,1,6402
537,1,0,0,856,1,18,1,6402
538,2,7,6,3103,7,31,1,6402
539,0,8,1,20164,4,158,1,6402
540,2,7,2,8193,7,73,0,6402
541,4,9,8,19726,10,176,1,6402
542,0,1,2,2459,3,30,1,6402
543,0,0,0,1172,1,11,1,6590
544,7,7,10,11410,13,78,0,6590
545,3,5,6,6253,6,55,1,6590
546,1,2,2,3570,6,31,1,6590
547,48,14,6,16154,11,111,0,6590
548,0,0,0,324,1,2,1,6590
549,3,4,7,16851,10,111,1,6590
550,2,4,3,4628,2,30,1,6590
551,3,13,16,21592,16,150,0,6590
552,16,53,13,27560,18,244,0,6590
553,20,12,7,15232,11,109,0,6590
554,4,11,5,16778,11,81,0,6590
555,3,7,9,5110,5,37,1,6590
556,16,5,3,13850,9,103,0,6590
557,2,6,3,18620,12,125,0,6590
558,41,32,9,39838,19,247,0,6590
559,0,3,0,4129,6,38,1,6590
560,15,11,15,30834,20,276,0,6590
561,0,0,0,680,3,7,1,6590
562,10,17,7,32346,19,338,0,6590
563,3,26,11,30335,8,189,1,6590
564,2,7,4,7967,8,74,0,6590
565,15,31,7,27756,19,291,1,6590
566,4,3,5,7385,7,61,0,6590
567,18,25,7,46804,24,373,0,6590
568,11,25,5,37469,24,277,0,6590
569,12,28,4,18465,11,201,1,6590
570,3,18,6,16019,18,129,0,6590
571,4,14,12,16297,9,128,1,6590
572,0,7,6,12980,11,98,1,6590
573,10,25,8,24306,16,178,0,6590
574,13,5,9,16920,7,115,1,6590
575,13,7,13,20632,13,129,0,6590
576,5,15,9,16331,11,122,0,6590
577,11,1,3,5703,5,30,1,6590
578,1,5,1,6260,8,46,1,6590
579,2,8,13,7025,9,75,1,6590
580,24,8,7,16007,12,102,1,6590
581,22,10,7,23410,11,195,1,6590
582,2,0,4,3226,2,18,0,6895
583,4,6,3,7750,9,55,1,6895
584,0,2,0,4415,8,26,1,6895
585,2,7,2,3396,6,31,1,6895
586,2,5,3,3727,6,54,1,6895
587,13,15,13,13990,7,201,1,6895
588,7,4,1,12711,11,81,1,6895
589,2,13,6,12500,11,145,0,6895
590,2,6,5,6398,5,44,1,6895
591,13,6,4,8510,3,73,0,6895
592,3,10,0,12369,15,91,1,6895
593,6,8,7,9737,12,51,1,6895
594,4,7,6,5770,11,49,1,6895
595,3,7,3,13804,8,60,1,6895
596,0,3,0,2852,2,37,1,6895
597,0,6,4,7454,10,82,1,6895
598,0,3,1,16234,12,74,0,6895
599,0,1,0,2357,5,17,1,6895
600,2,10,3,7849,4,62,1,6895
601,2,11,7,3332,6,27,1,6895
602,4,8,10,19329,6,137,1,6895
603,2,4,4,11028,5,56,1,6895
604,4,10,2,8185,7,92,1,6895
605,11,13,8,22266,13,124,1,6895
606,3,8,5,12986,6,81,0,6895
607,0,0,0,2417,4,31,1,6895
608,18,13,2,19312,11,118,0,6895
609,7,7,8,8587,8,88,1,6895
610,4,8,6,10145,9,61,1,6895
611,29,10,16,26850,12,137,1,6895
612,0,2,2,2476,6,33,1,6895
613,2,8,5,8108,5,44,0,6895
614,4,4,4,6061,4,38,1,6895
615,3,5,4,11247,5,52,1,7114
616,2,1,5,5069,5,43,1,7114
617,4,8,7,11283,8,129,1,7114
618,2,14,11,9035,12,61,1,7114
619,0,7,2,9878,7,79,1,7114
620,5,8,8,7155,9,65,1,7114
621,2,2,3,7038,5,54,1,7114
622,4,16,31,29661,16,228,1,7114
623,22,3,9,13755,11,90,0,7114
624,3,7,11,6524,8,71,1,7114
625,0,1,1,2880,5,27,1,7114
626,5,12,6,7831,6,74,0,7114
627,1,11,4,9001,7,66,1,7114
628,0,0,0,0,0,0,1,7114
629,0,0,0,0,0,0,1,7114
630,10,31,19,14309,6,126,1,7114
631,10,9,6,18260,7,140,1,7114
632,1,3,2,7800,6,51,1,7114
633,20,8,14,34586,12,248,0,7114
634,2,2,8,19128,11,137,0,7114
635,10,6,7,17697,8,76,0,7114
636,2,6,5,7580,7,38,1,7114
637,10,27,10,20959,12,149,0,7114
638,5,11,8,12066,15,113,0,7114
639,3,21,6,24113,11,123,0,7114
640,0,2,4,2680,5,25,1,7114
641,4,3,4,5648,6,45,1,7114
642,5,8,8,11126,6,142,1,7114
643,4,13,6,15221,13,116,1,7114
644,22,26,23,38385,19,327,0,7114
645,11,6,7,21701,13,103,0,7114
646,10,11,10,13323,8,89,1,7114
647,14,17,11,21426,14,145,1,7114
648,9,20,5,28645,10,388,0,7114
649,7,11,8,12028,7,134,1,7114
650,2,12,11,11457,11,77,1,7297
651,4,18,14,7266,10,107,0,7297
652,8,52,33,18992,14,228,1,7297
653,0,1,0,1009,2,6,1,7297
654,3,4,3,5281,4,41,1,7297
655,0,0,0,0,1,1,1,7297
656,0,0,0,0,0,0,1,7297
657,8,7,9,9841,10,65,1,7297
658,0,0,0,300,1,1,1,7297
659,9,16,4,16535,10,137,0,7297
660,2,12,4,10083,11,71,0,7297
661,2,8,8,4273,8,53,0,7297
662,0,0,0,0,0,0,1,7297
663,0,0,0,537,1,4,1,7297
664,2,8,4,9985,9,82,1,7297
665,2,7,5,7705,5,47,0,7297
666,2,4,5,5108,9,30,0,7297
667,4,20,2,26706,15,194,0,7297
668,0,0,0,300,1,1,1,7297
669,2,4,3,4112,6,32,0,7297
670,5,15,12,12408,9,120,0,7297
671,1,0,0,981,2,16,1,7297
672,0,0,0,747,2,5,1,7297
673,0,3,0,2615,3,14,1,7297
674,1,9,2,7128,10,61,1,7297
675,0,1,0,7693,5,30,1,7297
676,6,3,1,6107,7,33,1,7297
677,5,22,35,12370,7,118,0,7297
678,0,0,0,0,0,0,1,7297
679,0,0,0,0,0,0,1,7297
680,6,8,5,14972,11,83,0,7297
681,0,0,0,0,0,0,1,7297
682,0,0,0,0,0,0,1,7297
683,0,6,6,8108,6,44,1,7297
684,20,37,28,31833,15,271,1,7297
685,3,13,12,17094,6,134,0,7297
686,69,8,3,28208,10,140,0,7297
687,3,6,1,13406,8,55,1,7411
688,7,41,6,32023,12,237,0,7411
689,1,28,2,17825,11,202,1,7411
690,9,139,15,63157,17,856,1,7411
691,0,0,0,2567,3,23,1,7411
692,1,2,0,3399,5,22,1,7411
693,2,13,2,13391,11,82,1,7411
694,4,12,5,8892,10,80,1,7411
695,1,20,8,7855,6,63,1,7411
696,0,20,4,10507,9,89,1,7411
697,4,14,2,19418,12,173,0,7411
698,6,32,3,36284,15,260,1,7411
699,0,13,6,6676,8,55,0,7411
700,0,2,3,3042,5,26,0,7411
701,0,6,2,4058,7,48,1,7411
702,2,12,3,8628,6,95,0,7411
703,1,5,0,9201,6,59,1,7411
704,1,0,0,2304,2,21,1,7411
705,0,12,3,6922,6,84,0,7411
706,0,6,0,7730,9,55,1,7411
707,2,0,0,3313,4,46,1,7411
708,0,0,0,10217,6,63,1,7411
709,0,0,1,2077,3,8,1,7411
710,1,7,2,11367,6,47,1,7411
711,0,14,1,11774,6,81,1,7411
712,7,13,3,8174,9,77,1,7411
713,0,0,0,1795,4,12,1,7411
714,0,9,3,5197,6,36,0,7411
715,0,13,5,5283,6,62,0,7411
716,23,64,4,60158,14,381,0,7411
717,8,30,7,62689,19,406,0,7411
718,19,13,8,29742,18,247,0,7411
719,14,56,24,29612,14,236,1,7411
720,13,18,8,29971,11,243,0,7411
721,19,63,11,33592,17,452,0,7411
722,11,17,7,17716,10,181,1,7411
723,25,17,5,12526,8,142,0,7411
724,4,72,8,40518,15,362,0,7411
725,12,28,5,38166,12,241,0,7411
726,5,40,5,46538,16,426,0,7411
727,5,40,5,46538,16,426,0,7411
728,9,22,10,17427,13,186,1,7411
729,11,0,2,13725,5,120,1,7411
730,6,18,9,17424,8,178,0,7411
731,4,57,11,56420,21,412,0,7411
732,0,10,8,18930,9,119,0,7411
733,6,17,2,18212,10,185,1,7411
734,0,0,0,0,1,1,1,7411
