,Turno_TempoUsoTotal_Somado,Login_Quantidade,Log_Post_Quantidade_Somado,Questionario_TempoUso_Somado,Log_View_Quantidade_Somado,Numero_Dias_Acessados_Modulo_Somado,Evadido,CodigoTurma
0,3399,1,0,0,32,4,1,4605
1,28693,11,37,638,237,23,1,4605
2,41501,9,47,1414,432,22,0,4605
3,14504,3,12,66,190,10,0,4605
4,9122,1,10,1397,62,9,1,4605
5,1004,1,0,0,7,3,1,4605
6,22691,2,26,185,96,8,1,4605
7,33654,11,53,4617,284,25,0,4605
8,11791,1,0,614,160,11,1,4605
9,37661,17,47,4047,263,27,0,4604
10,1052,0,0,0,6,3,1,4604
11,9380,2,6,334,67,10,1,4604
12,0,0,0,0,0,0,1,4604
13,24209,6,39,3040,177,16,1,4605
14,1040,0,0,0,18,2,1,4605
15,21069,9,23,1729,193,12,1,4605
16,38539,3,31,50,257,27,0,4605
17,7037,2,8,443,54,8,1,4605
18,38263,18,45,2844,393,30,0,4605
19,0,0,0,0,0,0,1,4605
20,27759,2,9,956,184,21,1,4605
21,52649,14,55,6613,291,27,0,4605
22,54301,20,38,7510,491,21,0,4605
23,37990,10,41,4635,492,24,0,4605
24,19897,25,5,125,173,10,0,4605
25,15061,3,12,1870,91,13,1,4605
26,3018,0,1,0,32,4,1,4605
27,7325,0,1,0,57,8,1,4605
28,20329,11,35,2438,137,19,1,4605
29,22146,7,22,3556,166,20,0,4605
30,9351,3,1,356,55,8,1,4605
31,5850,0,0,300,27,5,1,4605
32,32224,21,53,7041,384,25,1,4605
33,0,0,0,0,0,0,1,4605
34,19030,4,11,772,225,20,1,4604
35,62225,41,78,7612,502,24,0,4604
36,34296,5,28,3979,352,19,0,4604
37,41921,19,37,2879,516,31,1,4604
38,17194,9,12,1558,101,20,0,4604
39,33140,9,35,1828,194,25,0,4604
40,32027,12,19,2123,264,30,0,4604
41,0,0,0,0,0,0,1,4604
42,43884,12,31,3518,516,26,0,4604
43,2330,0,0,0,15,4,1,4604
44,3165,0,0,0,26,3,1,4604
45,0,0,0,0,0,0,1,4604
46,27614,3,71,2057,197,14,1,4604
47,0,0,0,0,0,0,1,4604
48,772,0,0,0,12,2,1,4605
49,6594,1,15,1144,59,9,1,4605
50,16726,7,60,4218,122,14,0,4605
51,13555,1,29,1061,94,19,1,4605
52,30351,4,224,10942,151,17,0,4605
53,8065,0,1,0,41,3,1,4605
54,4507,0,18,0,18,2,1,4605
55,26463,13,101,6619,282,19,1,4605
56,44631,13,27,2848,310,35,0,4605
57,4600,6,9,940,47,5,1,4605
58,31925,7,42,4512,213,20,1,4605
59,28181,5,13,1286,264,23,1,4605
60,0,0,0,0,0,0,1,4605
61,22285,0,68,3276,128,7,0,4605
62,27919,6,31,645,201,17,0,4605
63,25728,7,31,2088,231,19,0,4605
64,37758,10,15,1314,306,30,0,4605
65,16856,1,21,3008,82,8,0,4605
66,53090,6,128,4395,334,20,0,4605
67,3551,0,7,1390,24,5,1,4605
68,0,0,0,0,0,0,1,4605
69,62356,21,61,14659,362,34,1,4605
70,21235,7,27,2301,164,13,0,4605
71,79212,28,193,4758,496,29,0,4605
72,27954,10,36,2567,270,15,0,4605
73,31985,6,90,2286,397,29,0,4605
74,57489,11,45,5382,436,36,1,4605
75,45808,9,71,9168,234,24,0,4605
76,35284,5,17,3391,260,20,0,4605
77,59915,19,56,8140,383,28,0,4605
78,32325,6,39,6055,145,17,1,4605
79,12438,5,2,1453,107,15,1,4605
80,11145,4,12,617,135,11,0,4604
81,26502,14,15,2102,212,20,0,4604
82,60843,18,34,6442,575,32,0,4604
83,17273,8,29,1528,184,10,1,4604
84,3959,0,2,0,32,6,1,4604
85,14865,1,10,428,142,9,1,4604
86,41446,6,94,10772,187,19,0,4604
87,64859,20,106,4790,445,30,0,4604
88,72796,20,151,10941,751,38,0,4605
89,0,0,0,0,0,0,1,4605
90,14482,8,16,895,157,11,0,4604
91,9089,2,10,213,83,12,1,4604
92,20308,4,17,1748,139,18,1,4604
93,44662,10,65,1614,302,24,0,4604
94,14359,5,24,400,141,16,1,4605
95,0,0,0,0,0,0,1,4605
96,11384,0,12,416,145,9,0,4604
97,38738,3,63,5720,201,21,0,4604
98,0,0,0,0,1,1,1,4604
99,77944,11,109,10410,555,33,1,4604
100,453,0,0,0,12,2,1,4604
101,48491,10,72,2283,423,30,1,4604
102,5067,0,0,0,67,4,1,4604
103,15670,3,103,6995,93,12,0,4604
104,35188,15,61,1043,254,30,0,4605
105,0,0,0,0,0,0,1,4605
106,24595,3,65,1956,261,16,0,4604
107,6081,3,25,635,30,7,1,4604
108,31493,11,62,3863,198,27,0,4604
109,359,0,0,0,5,1,1,4605
110,0,0,0,0,0,0,1,4605
111,13700,4,20,1863,116,14,1,4605
112,45444,13,23,2776,336,31,0,4605
113,28627,11,35,5214,251,25,1,4605
114,112192,31,215,8123,793,39,0,4605
115,19550,5,27,2826,150,14,0,4604
116,53457,4,62,3878,450,28,0,4605
117,28385,13,4,400,205,26,1,4605
118,24429,4,62,1406,132,15,1,4605
119,15648,0,6,44,192,10,1,4605
120,40495,6,57,10210,212,22,0,4605
121,15933,2,46,2735,84,9,1,4605
122,6481,0,17,863,40,8,0,4605
123,20529,4,67,2592,207,20,0,4605
124,5535,4,9,1697,59,8,0,4605
125,68651,25,39,5505,621,38,0,4605
126,24185,10,16,4258,158,20,1,4605
127,90059,5,252,21028,466,31,0,4605
128,4853,0,2,0,36,3,1,4604
129,26761,4,31,1908,207,17,0,4604
130,25705,16,34,2560,229,25,0,4604
131,1420,0,0,3,36,2,1,4604
132,27786,4,63,5755,154,18,0,4604
133,1531,0,0,0,18,5,1,4604
134,18664,5,31,3388,142,18,0,4604
135,16179,7,31,1179,142,17,0,4604
136,2925,0,2,0,25,2,1,4130
137,23968,5,24,2283,184,20,0,4130
138,1325,3,0,0,9,4,0,4130
139,29290,11,56,3498,180,20,0,4130
140,17672,1,20,1522,158,15,0,4130
141,51319,19,77,4121,387,23,0,4130
142,33219,9,99,2314,316,19,1,4130
143,21727,3,20,3106,206,19,0,4130
144,53644,16,85,10925,304,29,0,4130
145,97351,27,87,2337,793,36,0,4130
146,6377,3,0,932,30,7,0,4130
147,13671,1,10,19,142,15,0,4130
148,9340,7,11,1461,77,8,1,4130
149,93410,26,114,8619,889,35,0,4130
150,21141,2,29,2098,151,18,1,4130
151,38161,8,31,56,233,12,0,4130
152,20040,0,2,0,121,19,1,4130
153,31237,14,15,2060,234,25,0,4604
154,3725,1,3,0,34,5,0,4604
155,0,0,0,0,1,1,1,4604
156,25197,6,68,8610,292,27,0,4604
157,14662,3,38,3828,130,11,0,4604
158,11552,1,9,43,171,8,1,4604
159,2953,0,6,0,30,4,1,4604
160,2369,0,1,0,28,2,1,4604
161,0,0,0,0,0,0,1,4604
162,45409,7,44,2950,250,28,0,4604
163,47248,15,75,5977,336,33,0,4604
164,14588,3,60,2092,83,9,0,4604
165,60980,17,50,5136,437,38,0,4604
166,51865,14,58,3419,308,28,0,4604
167,19550,7,16,1867,210,17,0,4604
168,44969,3,28,1221,252,19,1,4604
169,29700,16,28,3568,247,22,0,4604
170,26815,3,5,18,218,19,1,4604
171,2180,0,0,0,13,4,1,4604
172,15205,1,8,373,150,17,1,4604
173,17357,1,40,471,144,17,1,4604
174,18506,6,35,3219,161,22,0,4604
175,18666,4,23,64,163,16,1,4130
176,34752,15,58,4490,248,25,0,4130
177,50822,22,41,4116,428,26,0,4130
178,0,0,0,0,1,1,1,4130
179,16094,11,115,5449,118,11,1,4130
180,0,0,0,0,0,0,1,4130
181,48993,9,24,4014,231,18,0,4130
182,656,0,5,0,3,1,1,4130
183,19428,6,36,3388,149,19,0,4130
184,15066,5,45,3783,142,10,1,4130
185,25489,15,23,1464,232,23,0,4130
186,23026,3,33,3455,181,15,0,4130
187,9928,5,12,1226,47,11,1,4130
188,31473,8,35,2985,347,19,0,4130
189,34882,13,49,7014,219,20,0,4130
190,10527,0,35,927,75,7,1,4130
191,13045,0,54,1174,173,13,1,4130
192,24611,4,39,2222,118,19,1,4130
193,13769,2,38,1447,84,14,1,4130
194,78154,35,28,4304,541,32,0,4130
195,63702,5,55,4257,252,28,0,4130
196,24895,17,80,3176,239,19,0,4130
197,45664,11,52,3688,331,20,0,4130
198,43134,21,85,5994,338,24,0,4130
199,45223,30,63,862,522,28,0,4130
200,21011,0,34,911,115,11,1,4130
201,23150,4,14,1745,137,13,0,4130
202,12945,7,21,2661,76,7,0,4130
203,0,0,0,0,0,0,1,4130
204,15979,0,7,95,183,4,1,4130
205,28169,16,40,1436,212,22,0,4130
206,15038,6,31,2432,170,12,0,4130
207,47161,40,24,2734,395,26,0,4130
208,7231,0,15,726,66,13,1,4130
209,33518,12,53,2865,201,23,0,4130
210,34031,11,3,177,308,22,1,4130
211,35741,8,34,5425,178,18,0,4130
212,0,0,0,0,0,0,1,4130
213,13189,3,6,398,71,14,1,4130
214,22292,4,14,2238,131,22,0,4130
215,34889,22,35,2548,382,30,0,4130
216,40509,8,102,7955,307,27,0,4130
217,0,0,0,0,1,1,1,4130
218,17089,1,35,1042,73,10,0,4130
219,46670,8,56,6800,262,24,0,4130
220,21270,1,3,1075,179,13,1,4130
221,3285,0,0,0,19,4,1,4130
222,40823,8,34,1618,217,25,0,4130
223,81133,65,84,9171,768,34,0,4130
224,12402,2,10,1304,91,11,1,4130
225,19366,12,16,2640,118,20,0,4130
226,1265,0,0,300,17,2,1,5388
227,25768,7,27,600,202,20,1,5388
228,34840,6,28,1411,339,26,0,5388
229,58423,20,17,1665,446,38,0,5388
230,16647,3,26,338,128,15,0,5388
231,11818,2,6,954,95,8,0,5388
232,26143,11,56,300,166,21,0,5388
233,32967,7,20,1570,215,22,0,5388
234,43573,11,40,2780,272,34,0,5388
235,25963,1,21,405,183,18,1,5388
236,17904,2,20,1006,96,18,0,5388
237,31619,14,33,3544,321,22,1,5388
238,30325,12,29,2175,228,28,0,5388
239,60616,26,121,16437,403,28,0,5388
240,17878,6,38,2462,138,16,1,5388
241,75059,39,185,8642,590,35,0,5388
242,675,0,0,0,11,2,1,5388
243,17986,4,24,1542,110,21,1,5388
244,73,0,0,0,5,1,1,5388
245,22877,14,61,1563,247,16,0,5388
246,11817,7,10,1247,128,9,1,5388
247,10420,2,13,2022,79,11,0,5388
248,40159,8,52,4073,262,24,1,5388
249,51238,25,28,1808,376,35,0,5388
250,91483,36,140,3111,635,40,0,5388
251,26704,7,62,2844,204,15,1,5388
252,10417,0,3,12,66,11,0,5388
253,21375,10,23,2133,190,19,1,5388
254,29159,5,1,287,202,30,1,5388
255,41805,9,54,3574,269,29,0,5388
256,71387,36,63,4146,553,37,0,5388
257,34315,8,42,60,240,28,0,5388
258,50470,13,51,2840,422,29,0,5388
259,40692,6,25,4776,326,25,1,5388
260,19410,2,20,2508,165,14,1,5388
261,24955,8,27,1317,157,17,1,5388
262,1334,0,0,0,10,1,1,5388
263,33017,6,38,985,256,17,0,5388
264,21263,9,35,879,164,18,0,5388
265,28399,14,77,3074,261,16,0,5388
266,58504,16,72,4840,647,21,0,5388
267,1539,0,3,0,8,3,1,5388
268,38117,15,45,2830,306,31,0,5388
269,12897,0,3,19,89,10,1,5388
270,21414,5,40,1705,193,23,0,5388
271,300,0,0,0,1,1,1,5388
272,3731,2,7,1641,24,5,0,5388
273,52507,12,102,1464,534,34,0,5388
274,17547,7,10,3015,215,13,1,5388
275,1111,0,0,0,33,2,1,5468
276,0,0,0,0,0,0,1,5468
277,34734,18,11,264,403,26,1,5468
278,34162,23,33,1404,165,21,0,5468
279,26216,7,46,0,196,27,0,5468
280,1210,0,0,0,6,3,1,5468
281,1837,0,1,0,23,5,1,5468
282,50280,24,69,5583,475,30,0,5468
283,9781,3,7,12,92,15,1,5468
284,24831,14,42,1904,177,17,1,5468
285,33392,8,12,1567,277,32,1,5468
286,19162,0,15,1045,180,13,1,5468
287,16400,1,11,0,142,14,0,5468
288,79708,19,70,5466,697,28,0,5468
289,36596,12,60,3445,339,27,0,5468
290,6679,0,2,0,56,12,1,5468
291,31971,10,49,4406,226,28,1,5468
292,4049,3,6,0,31,4,1,5468
293,13491,2,5,1083,153,11,0,5468
294,18707,3,35,1750,149,15,0,5468
295,17223,7,42,3507,171,15,1,5468
296,17922,8,25,2922,110,17,0,5468
297,10429,8,5,16,95,16,0,5468
298,28862,8,47,3188,177,19,0,5468
299,13825,0,9,2019,97,16,1,5468
300,32389,11,39,1955,305,18,0,5468
301,14385,0,5,14,103,8,1,5468
302,75339,25,75,2855,617,39,0,5468
303,33714,25,82,2403,440,19,0,5468
304,42300,4,77,3520,260,27,0,5468
305,15990,7,23,3241,129,12,1,5468
306,30724,9,39,2620,211,25,0,5468
307,8758,1,3,0,47,5,1,5468
308,8987,0,3,0,119,10,1,5468
309,27822,2,49,4724,197,18,0,5468
310,37842,16,18,1348,295,20,0,5468
311,10456,3,9,396,132,16,1,5468
312,17445,4,27,1856,153,17,1,5468
313,8854,3,4,10,86,15,1,5468
314,24544,14,10,653,182,24,1,5468
315,44428,15,50,2593,318,30,0,5468
316,3239,0,0,0,35,5,1,5468
317,33247,3,79,7749,174,16,1,5468
318,62195,37,50,4283,510,38,0,5468
319,32613,7,78,4728,189,17,0,5468
320,73596,37,46,6383,721,43,0,5468
321,21756,2,15,2549,120,18,0,5468
322,36857,10,54,1810,281,18,0,5468
323,28749,14,55,1851,248,29,0,5468
324,13195,4,13,1517,107,18,0,5468
325,6663,1,29,1670,42,8,1,5468
326,8347,1,0,0,33,16,1,5468
327,36435,6,43,3064,303,18,0,5468
328,9502,8,0,0,88,13,1,5468
329,5023,0,3,300,73,7,0,5468
330,7278,2,2,0,57,11,1,5468
331,53407,10,63,3445,341,29,0,5468
332,15907,1,49,1784,123,14,0,5468
333,116757,68,104,7451,849,39,0,5468
334,11524,0,15,0,73,10,1,5468
335,27276,3,24,1766,211,18,0,5468
336,16297,1,21,3599,176,8,1,5468
337,24613,3,27,3897,148,12,1,5468
338,13199,2,2,904,187,16,1,5468
339,27272,10,30,2225,376,32,1,5468
340,14124,1,33,504,110,13,0,5468
341,37302,18,54,5263,235,20,0,5468
342,14581,3,10,1732,110,11,1,5468
343,13675,0,3,0,163,6,1,5468
344,21614,6,20,1986,157,14,0,5469
345,6185,0,21,1576,64,4,1,5469
346,0,0,0,0,0,0,1,5469
347,853,0,0,0,8,3,1,5469
348,21496,0,18,5001,144,14,0,5469
349,16601,6,59,2440,166,17,0,5469
350,10980,4,32,2771,81,18,0,5469
351,35731,28,15,300,238,33,0,5469
352,30713,6,21,2653,184,21,0,5469
353,0,0,0,0,0,0,1,5469
354,1876,0,0,0,13,2,1,5469
355,13405,7,18,1530,94,19,1,5469
356,8363,2,10,0,54,6,0,5469
357,22348,6,17,1565,177,22,0,5469
358,10375,4,27,1738,99,10,0,5469
359,44673,7,17,2130,229,29,0,5469
360,6421,0,5,936,51,11,0,5469
361,7763,2,1,0,46,14,1,5469
362,36471,6,26,1702,253,25,0,5469
363,35431,2,21,1388,231,16,1,5469
364,19832,12,14,1633,114,18,0,5469
365,12118,6,43,1431,110,15,0,5469
366,44605,25,48,1513,399,26,0,5469
367,41843,14,24,2824,378,23,0,5469
368,9985,0,0,48,90,7,1,5469
369,41999,1,20,3842,307,26,1,5469
370,7954,1,2,0,65,9,1,5469
371,33015,13,33,3244,187,18,0,5469
372,23780,25,30,1611,283,19,0,5469
373,19396,2,19,657,164,19,1,5469
374,43701,5,43,2750,359,28,0,5469
375,17474,1,25,2569,108,14,0,5469
376,30667,16,42,1485,207,16,0,5469
377,21009,1,11,2846,201,12,1,5469
378,7386,1,1,0,51,10,1,5469
379,50367,24,32,3209,378,27,1,5469
380,15519,4,27,4020,88,12,0,5469
381,12405,2,36,2664,91,8,1,5469
382,45911,4,28,2553,319,26,0,5469
383,25131,6,46,2846,162,29,1,5469
384,10736,0,2,0,77,17,1,5469
385,8629,0,20,919,75,6,1,5469
386,11860,1,6,15,62,16,1,5469
387,72840,16,101,5702,395,31,0,5469
388,4689,0,1,0,59,4,1,5469
389,26188,0,33,1519,142,15,1,5469
390,7124,0,4,0,72,7,1,5469
391,11534,0,4,0,46,13,1,5469
392,53356,12,44,1914,413,27,0,5469
393,63686,16,44,4583,349,32,0,5469
394,48177,16,47,2120,425,28,0,5469
395,3926,0,0,0,19,3,1,5469
396,29023,9,26,1776,209,26,0,5469
397,1353,0,0,0,15,4,1,5469
398,58343,10,76,5737,468,27,0,5469
399,0,0,0,0,0,0,1,5469
400,2554,0,0,0,22,7,1,5469
401,11259,0,15,1051,109,11,1,5469
402,0,0,0,0,0,0,1,5469
403,5372,0,10,355,46,5,1,5469
404,356,0,0,0,2,1,1,5469
405,28851,4,23,1746,297,27,0,5469
406,9816,4,25,1846,42,9,1,5469
407,2089,0,0,0,7,4,1,5469
408,0,0,0,0,0,0,1,5469
409,51033,7,17,1761,385,24,1,5469
410,29465,1,29,3541,246,12,1,5469
411,14798,2,2,432,136,13,1,5714
412,11653,1,4,71,142,18,0,5714
413,11811,1,44,3548,73,8,1,5714
414,57270,13,160,13031,269,20,0,5714
415,27150,9,4,0,173,21,0,5714
416,4404,4,2,0,41,7,1,5714
417,9275,10,34,3821,105,11,1,5714
418,12188,4,10,382,106,7,0,5714
419,32086,12,118,7407,179,15,0,5714
420,9560,0,1,0,58,6,0,5714
421,12073,6,11,1102,107,18,1,5714
422,32220,23,37,5240,175,18,1,5714
423,45465,32,42,2098,511,20,0,5714
424,11353,6,11,300,138,14,1,5714
425,17126,4,24,1105,89,16,0,5714
426,37284,25,107,12901,162,22,0,5714
427,0,0,0,0,0,0,1,5714
428,10718,2,4,89,57,14,1,5714
429,20568,4,34,5149,175,23,0,5714
430,2310,1,0,0,10,4,1,5714
431,18036,41,23,1880,307,13,0,5714
432,70407,50,210,11943,517,40,0,5714
433,405,0,0,0,8,2,1,5714
434,19370,6,17,382,80,15,0,5714
435,0,0,0,0,0,0,1,5714
436,17275,0,7,0,135,11,1,5714
437,13317,5,39,3954,56,11,1,5714
438,16077,1,0,151,159,14,1,5714
439,6687,1,1,300,34,7,1,5714
440,153,0,0,0,2,1,1,5714
441,6168,5,5,0,34,10,1,5714
442,34126,18,39,2655,233,31,0,5714
443,8675,1,3,16,84,6,1,5714
444,12256,11,3,527,146,17,0,5714
445,26821,11,127,5794,129,22,0,5714
446,71719,66,164,6468,621,33,0,5714
447,35108,18,62,8740,286,21,0,5714
448,7616,6,19,1938,59,12,1,5714
449,19716,21,84,3329,190,12,1,5714
450,31070,17,54,2400,285,19,1,5714
451,2529,0,0,0,17,4,1,5714
452,52231,16,75,1639,383,17,0,5714
453,20722,13,24,1575,180,26,1,5714
454,3221,4,2,37,50,6,1,5714
455,22075,19,27,3535,130,17,1,5714
456,5283,2,15,429,43,9,0,5714
457,28262,10,30,7208,213,22,0,5714
458,18195,5,5,220,148,17,1,5714
459,0,0,0,0,0,0,1,5714
460,15547,3,28,1843,74,11,1,5714
461,11351,5,4,867,85,10,0,5714
462,28118,3,88,336,108,14,1,5714
463,15959,7,61,5097,80,15,0,5714
464,0,0,0,0,0,0,1,5714
465,16061,7,16,3982,94,17,0,5714
466,26162,13,40,2055,274,16,0,5714
467,43448,24,51,8224,241,18,0,5714
468,14618,13,10,1509,107,11,1,5714
469,2299,0,0,0,26,4,1,5714
470,0,0,0,0,0,0,1,5714
471,37648,13,90,13281,182,21,1,5714
472,8846,5,0,106,81,13,1,6388
473,7449,4,1,0,49,8,1,6388
474,37851,14,34,6361,299,20,0,6388
475,10125,5,12,0,86,15,0,6388
476,39225,9,38,3750,283,22,0,6388
477,26663,3,3,345,194,11,1,6388
478,0,0,0,0,0,0,1,6388
479,17919,6,26,1711,138,23,0,6388
480,4147,0,1,14,40,7,1,6388
481,8444,4,6,426,42,9,1,6388
482,12328,23,9,1358,96,20,0,6388
483,967,0,0,0,9,4,1,6388
484,9906,2,4,0,55,9,1,6388
485,65530,25,196,21548,246,35,0,6388
486,11885,2,8,14,156,10,1,6388
487,20804,7,70,10050,114,15,0,6388
488,20387,14,105,4570,134,14,1,6388
489,19424,6,41,3662,168,21,0,6388
490,16669,15,43,2587,159,20,1,6388
491,23636,8,49,5571,114,13,0,6388
492,19907,0,46,4633,165,14,0,6388
493,81523,16,219,32773,362,29,0,6388
494,53983,38,31,2898,346,37,0,6388
495,37073,15,49,4973,256,24,0,6388
496,25614,10,94,7858,127,21,0,6388
497,17737,3,75,5082,90,9,0,6388
498,34282,13,20,2361,299,24,0,6388
499,3167,0,0,0,16,5,1,6388
500,16330,12,5,437,137,17,0,6388
501,30954,21,64,1187,282,22,0,6388
502,6931,0,70,3963,43,6,1,6388
503,23944,12,36,8398,116,24,0,6388
504,12966,10,9,16,61,8,0,6388
505,30465,12,38,5077,192,21,0,6388
506,8804,4,21,2860,36,8,1,6388
507,38605,20,65,5182,341,26,0,6388
508,39473,17,38,2832,313,31,0,6388
509,45107,13,49,4588,355,32,0,6388
510,10813,6,34,861,112,12,1,6388
511,426,0,0,0,5,2,1,6388
512,11241,4,18,1286,93,16,0,6388
513,27624,5,21,2324,162,20,0,6388
514,40020,14,73,3778,241,24,0,6388
515,946,0,0,0,8,3,1,6388
516,22811,11,26,4751,146,20,1,6388
517,0,0,0,0,0,0,1,6388
518,17794,6,13,20,127,13,1,6388
519,56487,25,80,11290,297,24,0,6388
520,7010,1,1,0,43,10,1,6388
521,17320,3,31,2424,85,18,0,6388
522,21366,8,4,443,174,18,0,6388
523,0,0,0,0,0,0,1,6388
524,5078,0,6,0,50,1,1,6388
525,19226,2,10,250,110,15,1,6388
526,42266,12,53,5701,377,28,0,6388
527,40610,20,92,13013,203,30,0,6388
528,54964,12,88,7339,422,30,0,6388
529,7107,3,28,2070,35,11,0,6388
530,101341,53,116,5768,848,38,0,6388
531,65732,19,239,18824,515,27,0,6388
532,15758,4,103,9783,63,9,1,6388
533,37032,15,98,11823,260,29,1,6388
534,29137,9,53,4513,233,24,0,6388
535,22056,6,32,2471,142,18,1,6388
536,21542,14,13,1128,231,18,0,6388
537,41951,11,86,11786,233,18,0,6388
538,75134,26,143,15728,572,35,0,6388
539,7303,4,20,597,24,5,1,6388
540,14647,2,5,93,108,13,1,6388
541,1214,0,0,0,7,3,1,6388
542,29758,16,29,2202,237,17,0,6388
543,7814,2,4,300,48,11,1,6388
544,59345,21,101,12951,313,24,0,6388
545,34022,7,23,2770,174,24,0,6388
546,15685,6,43,2831,99,20,1,6388
547,30893,5,91,14456,87,9,1,6388
548,13699,5,30,3825,57,11,0,6388
549,23781,1,10,374,157,20,1,6388
550,28028,12,176,15071,95,15,0,6388
551,57233,24,233,26022,303,20,0,6388
552,7707,0,8,0,72,4,1,6388
553,4738,6,0,0,40,4,1,6388
554,28383,12,38,2065,166,25,0,6388
555,19434,8,5,169,135,15,1,6388
556,15461,3,71,3835,86,12,1,6388
557,10103,0,1,0,87,6,1,6388
558,50716,11,64,6352,342,19,0,6388
559,12707,6,13,1087,79,12,0,6388
560,28462,6,59,7533,132,16,0,6388
561,27774,13,14,1581,199,28,0,6388
562,34333,30,126,10940,223,23,0,6388
563,3441,0,0,0,16,4,1,6388
564,53883,7,87,8485,342,27,0,6389
565,7095,1,9,0,92,10,1,6389
566,33137,11,70,5412,280,28,0,6389
567,26119,18,27,2909,223,34,0,6389
568,9504,0,23,0,89,4,1,6389
569,0,0,0,0,0,0,1,6389
570,2185,2,1,0,30,3,1,6389
571,3260,0,1,0,24,3,1,6389
572,10117,4,4,39,100,10,1,6389
573,44395,22,160,9043,248,20,0,6389
574,78697,14,99,13866,412,33,0,6389
575,49528,16,82,9256,361,34,0,6389
576,0,0,0,0,0,0,1,6389
577,6338,0,4,0,35,4,1,6389
578,37803,12,79,5350,326,20,0,6389
579,53344,15,27,5781,434,27,0,6389
580,33453,13,35,5537,162,27,0,6389
581,147967,136,33,3597,878,44,0,6389
582,29049,7,6,92,199,18,0,6389
583,73327,16,194,19887,494,27,0,6389
584,38253,6,27,4399,189,25,1,6389
585,0,0,0,0,0,0,1,6389
586,13241,10,15,747,126,17,1,6389
587,45462,29,100,10183,405,29,1,6389
588,38377,16,62,6037,223,18,0,6389
589,29967,12,20,5106,187,20,0,6389
590,20386,16,29,3951,176,23,0,6389
591,20460,8,61,7028,177,12,0,6389
592,59572,11,93,1830,586,31,0,6389
593,7577,2,3,20,84,14,1,6389
594,77028,16,163,13549,525,32,0,6389
595,18768,14,58,3529,139,19,1,6389
596,47291,12,31,7217,395,30,0,6389
597,24886,12,43,1624,150,13,0,6389
598,60821,14,242,20484,335,22,0,6389
599,306,0,0,0,5,1,1,6398
600,4951,1,2,0,43,10,0,6398
601,17503,8,40,3786,107,17,0,6398
602,326,0,0,0,12,1,1,6398
603,21073,4,16,3660,108,20,1,6398
604,15415,4,7,572,152,10,0,6398
605,56734,31,62,7728,447,30,0,6398
606,12715,8,13,2005,146,11,0,6398
607,20616,16,16,1885,176,21,0,6398
608,102543,18,32,5581,1005,43,1,6398
609,24348,2,45,9889,87,13,0,6398
610,36788,8,61,8402,290,35,0,6398
611,11037,6,6,1582,107,17,1,6398
612,39483,6,61,2046,302,23,0,6398
613,29678,17,109,8761,245,23,0,6398
614,0,0,0,0,0,0,1,6398
615,9409,5,16,1895,128,4,1,6398
616,23401,14,21,2335,154,14,0,6398
617,24002,9,48,6129,147,24,1,6398
618,17374,11,30,1167,135,15,0,6398
619,34351,20,102,11264,299,23,0,6398
620,83263,14,84,9311,602,42,0,6398
621,36632,11,48,5110,351,30,0,6398
622,18290,12,34,1245,165,22,0,6398
623,11932,5,1,28,86,17,1,6398
624,32860,10,33,4707,397,23,0,6398
625,0,0,0,0,0,0,1,6398
626,21564,6,30,797,113,20,0,6398
627,22278,9,30,2407,143,18,1,6398
628,3100,1,0,0,24,7,1,6398
629,72003,31,300,22770,491,31,0,6398
630,8041,1,2,0,53,7,1,6398
631,24812,14,21,1391,214,17,1,6398
632,2154,0,0,0,13,7,1,6398
633,6584,0,8,0,39,4,1,6398
634,61062,20,113,11961,369,36,0,6398
635,26582,15,25,1174,256,34,0,6398
636,76591,12,97,11491,486,32,0,6398
637,17789,0,2,0,117,12,1,6398
638,30539,12,37,2200,293,16,0,6398
639,38635,1,18,2949,290,21,0,6398
640,11764,5,34,3662,97,14,0,6398
641,0,0,0,0,0,0,1,6398
642,27990,7,34,2860,138,20,0,6398
643,4041,0,0,0,24,7,1,6398
644,31067,9,59,4233,284,22,0,6398
645,21484,9,40,3840,150,16,0,6398
646,34702,7,92,8824,167,18,0,6398
647,6134,0,3,0,59,8,1,6398
648,13378,7,8,105,95,14,0,6398
649,11456,8,23,3912,54,11,1,6398
650,32770,24,34,4546,267,22,0,6398
651,18635,1,15,1414,107,10,0,6398
652,63671,5,160,16589,493,30,0,6398
653,31203,14,145,3923,439,16,0,6398
654,39423,6,79,11713,270,19,0,6398
655,16398,8,18,1396,114,21,1,6398
656,25055,12,63,5546,180,18,0,6398
657,44011,11,145,13787,284,20,0,6398
658,3076,0,6,0,22,2,1,6398
659,3427,0,0,0,22,4,1,6398
660,15118,12,13,3250,147,13,0,6398
661,133873,47,285,16380,888,35,0,6398
662,31434,22,34,5833,206,25,0,6398
663,19176,14,88,2620,222,16,0,6398
664,58930,33,63,4250,447,31,0,6398
665,13171,1,11,3331,54,11,1,6398
666,49627,17,63,2385,530,26,0,6398
667,43914,38,77,5782,376,32,0,6398
668,35603,11,70,8472,190,26,0,6398
669,0,0,0,0,0,0,1,6398
670,20615,4,37,8065,78,13,0,6398
671,22164,13,36,5283,162,15,0,6398
672,26265,19,32,4015,137,14,1,6398
673,57061,45,56,3761,569,27,0,6398
674,6196,0,3,53,26,8,1,6398
675,33980,5,73,3579,252,20,0,6398
676,32850,14,63,8861,200,17,0,6398
677,20190,0,5,300,160,14,1,6398
678,13283,0,6,300,76,17,1,6398
679,33570,2,49,4769,302,30,0,6398
680,45419,22,116,13809,291,26,0,6398
681,74052,53,35,5452,783,36,0,6398
682,47607,18,29,4646,312,32,1,6398
683,40862,24,18,2708,230,20,1,6398
684,96985,47,106,24485,604,34,1,6398
685,53327,34,62,2893,399,25,0,6398
686,51964,41,60,4267,486,31,0,6398
687,33259,18,62,4418,265,21,0,6398
688,37001,26,5,67,667,21,0,6398
689,6302,1,2,0,41,11,1,6398
690,28304,25,6,258,299,23,1,6398
691,18910,5,14,162,177,12,1,6398
692,11180,3,15,987,112,10,1,7098
693,19423,0,12,0,118,11,0,7098
694,38835,20,21,6334,298,22,0,7098
695,0,0,0,0,0,0,1,7098
696,79964,14,53,4769,610,32,0,7098
697,10808,3,24,2547,75,15,0,7098
698,6455,0,0,0,26,7,1,7098
699,20648,1,80,5315,169,13,0,7098
700,9138,0,7,0,40,6,1,7098
701,8698,9,18,2592,75,15,1,7098
702,23913,4,26,909,165,10,0,7098
703,33347,25,38,3781,250,23,0,7098
704,30878,12,22,988,223,24,0,7098
705,0,0,0,0,0,0,1,7098
706,22329,11,63,9661,195,15,0,7098
707,24401,3,33,2685,236,13,0,7098
708,1368,0,0,12,12,3,1,7098
709,8433,5,10,1468,62,8,1,7098
710,21893,10,52,3881,163,11,0,7098
711,5746,4,3,642,60,11,1,7098
712,80862,38,209,8133,660,28,0,7098
713,17572,3,28,2474,128,8,0,7098
714,12394,5,10,374,94,10,0,7098
715,0,0,0,0,0,0,1,7098
716,39799,6,44,1576,279,28,1,7098
717,8792,4,22,796,105,11,1,7098
718,49385,27,98,693,340,27,1,7098
719,31623,7,76,6422,185,19,0,7098
720,24592,2,23,2273,175,11,1,7098
721,43266,28,11,497,409,21,0,7098
722,72404,18,66,6619,631,37,0,7098
723,18697,5,20,2729,139,19,0,7098
724,6743,5,6,300,48,10,1,7098
725,44305,13,59,7182,400,23,0,7098
726,25392,9,26,2767,238,21,0,7098
727,54630,22,64,3214,408,34,0,7098
728,2966,1,2,300,16,8,1,7098
729,18676,8,54,2643,177,11,1,7098
730,48823,10,56,5148,347,18,0,7098
731,600,0,0,0,2,2,1,7098
732,0,0,0,0,1,1,1,7098
733,23253,11,39,4007,187,22,1,7098
734,27037,10,25,1277,283,21,0,7098
735,17907,6,18,0,202,18,1,7098
736,38823,7,66,4971,242,18,0,7098
737,33203,18,41,2330,343,26,0,7098
738,64806,29,160,5596,490,25,0,7098
739,48199,9,103,11800,313,25,0,7098
740,51463,22,56,10614,382,24,0,7098
741,65199,27,48,7988,418,24,0,7098
742,44618,6,74,2670,329,25,0,7098
743,300,0,0,0,1,1,1,7098
744,39963,8,49,4372,284,25,0,7098
745,27945,9,17,1001,165,17,0,7098
746,48460,21,132,15697,235,19,0,7098
747,17018,6,38,1372,149,12,0,7098
748,31663,10,62,5715,185,18,0,7098
749,6112,0,4,63,65,7,1,7098
750,20376,3,139,10706,132,14,1,7098
751,97009,39,181,10287,820,29,0,7098
752,42801,10,15,3588,261,21,0,7098
753,57737,10,61,4689,365,25,1,7098
754,26738,17,7,2399,261,24,0,7098
755,67225,14,117,17413,473,27,0,7098
756,15251,6,36,3504,90,15,0,7098
757,56755,30,73,6074,357,31,0,7098
758,33679,16,110,4884,393,28,1,7098
759,18137,5,15,2695,130,12,0,7098
760,38876,20,82,6340,289,14,0,7098
761,0,0,0,0,0,0,1,7098
762,4342,5,0,0,27,5,1,7098
763,1737,0,2,0,37,3,1,7098
764,22952,7,64,8647,132,15,0,7098
765,7404,4,8,31,46,7,0,7098
766,21831,9,17,3721,199,21,0,7098
767,9042,2,12,3125,41,10,1,7098
768,43785,20,44,1358,469,20,0,7098
769,48355,17,192,16182,367,25,0,7098
770,25810,0,10,683,322,17,1,7098
771,13316,5,36,4295,64,14,0,7118
772,16750,7,5,15,110,17,0,7118
773,25896,8,21,50,158,25,0,7118
774,29496,1,30,359,233,17,0,7118
775,6148,3,3,331,33,9,0,7118
776,17286,2,40,1567,198,13,1,7118
777,30781,7,46,1201,401,25,0,7118
778,27757,4,8,5,194,14,1,7118
779,32690,9,29,5194,224,18,1,7118
780,35334,13,35,2901,539,32,0,7118
781,49460,12,65,2380,363,35,0,7118
782,53958,13,37,3230,364,31,0,7118
783,20183,5,47,7380,164,20,0,7118
784,14012,6,7,151,138,10,0,7118
785,43751,16,46,9663,212,29,0,7118
786,22593,18,60,4233,153,16,0,7118
787,41153,18,49,8933,337,26,0,7118
788,30521,17,70,4657,221,20,0,7118
789,35435,15,49,3535,393,29,0,7118
790,25585,17,27,1879,232,21,1,7118
791,31033,12,30,1725,224,19,0,7118
792,39005,3,62,7952,217,24,1,7118
793,1555,0,2,0,15,3,1,7118
794,48643,26,53,2239,411,27,0,7118
795,6903,0,2,0,44,7,1,7118
796,84395,26,84,10050,408,38,0,7118
797,41770,13,107,7776,336,32,0,7118
798,23971,6,15,916,281,12,0,7118
799,36069,19,31,724,287,21,0,7118
800,8866,3,14,1036,73,17,1,7118
801,11241,0,4,0,116,5,1,7118
802,1115,0,0,0,12,2,1,7118
803,30083,12,55,5996,272,23,0,7118
804,82823,16,122,10647,553,37,0,7118
805,58626,8,86,9954,347,19,0,7118
806,17998,7,10,0,124,17,0,7118
807,6879,0,19,993,42,4,1,7118
808,21333,10,22,3673,190,24,0,7118
809,17284,14,39,4789,133,16,1,7118
810,34624,22,70,5253,347,25,0,7118
811,13098,6,17,1341,84,16,1,7118
812,37172,13,54,2580,247,27,1,7118
813,29273,6,44,4078,269,17,0,7118
814,8397,3,82,26,38,8,1,7118
815,25846,20,43,3760,214,22,0,7118
816,16375,16,44,1363,224,20,1,7118
817,12119,0,12,0,74,7,1,7118
818,16424,9,23,3943,126,10,0,7118
819,60611,39,77,6689,654,31,0,7118
820,16621,4,5,536,91,10,1,7118
821,3268,0,0,68,27,4,1,7118
822,43834,8,159,7259,338,17,0,7118
823,18002,18,43,2840,147,22,0,7118
824,43637,21,91,10272,261,17,0,7118
825,21436,10,32,1682,181,23,1,7118
826,75796,47,70,9120,620,25,0,7118
827,5226,0,1,0,48,5,1,7118
828,12474,7,2,39,104,13,1,7118
829,10674,7,17,2336,71,13,0,7118
830,82126,20,122,4538,1062,30,0,7118
831,34729,2,7,969,304,12,1,7118
832,16750,3,29,4212,156,19,0,7118
833,31900,14,58,5808,327,21,0,7118
834,22195,13,117,8229,127,13,1,7118
835,21214,3,74,1353,149,15,0,7118
836,12250,7,4,0,84,9,1,7118
837,38343,25,16,2014,326,28,0,7118
838,1236,0,0,0,16,3,1,7118
839,38711,7,15,1087,353,29,0,7118
840,32552,1,22,1332,298,19,1,7118
841,53591,13,166,18655,306,25,0,7118
842,0,0,0,0,0,0,1,7118
843,31626,14,50,3682,231,16,1,7118
844,15689,0,16,1143,150,10,1,7118
845,30049,12,78,4288,297,16,0,7118
846,70618,2,90,5119,555,25,0,7118
847,43662,11,65,6331,366,25,1,7118
848,29097,11,43,6005,206,14,1,7118
849,104598,22,51,5289,1016,30,0,7118
850,43646,12,49,8047,327,30,0,7118
851,36140,1,34,6750,213,19,0,7118
852,36162,5,36,1154,255,22,0,7118
853,74309,34,41,4144,600,26,0,7118
854,19850,9,29,1890,188,18,1,7118
855,86146,44,75,6445,732,32,0,7118
856,64803,29,57,7646,756,32,0,7118
857,31994,9,34,5376,230,18,1,7118
858,12859,4,5,270,107,12,1,7118
859,32263,12,35,2875,183,17,0,7274
860,18835,9,17,1334,149,25,0,7274
861,11172,0,5,0,91,4,1,7274
862,6124,2,3,300,42,8,1,7274
863,4204,0,0,0,60,4,1,7274
864,63853,23,91,14198,497,21,0,7274
865,7896,7,4,69,78,10,1,7274
866,1203,0,0,0,8,1,1,7274
867,36924,16,71,13069,211,12,0,7274
868,4325,2,2,619,52,3,1,7274
869,45447,49,127,8217,429,25,0,7274
870,8777,6,22,799,119,14,1,7274
871,10511,5,29,1606,124,16,1,7274
872,5012,0,2,5,64,9,1,7274
873,8595,1,10,615,102,10,0,7274
874,0,0,0,0,1,1,1,7274
875,13285,4,15,2645,74,14,1,7274
876,7679,0,1,0,66,11,1,7274
877,4204,3,0,0,48,6,1,7274
878,12280,0,11,0,110,10,1,7274
879,8934,8,20,2122,79,10,0,7274
880,26477,6,47,2668,241,26,0,7274
881,0,0,0,0,0,0,1,7274
882,14000,7,12,82,95,6,1,7274
883,16404,16,45,3730,90,12,0,7274
884,18696,11,33,7011,105,14,0,7274
885,45848,11,46,7239,308,24,0,7274
886,2784,0,1,0,25,6,1,7274
887,25021,10,40,2811,273,30,0,7274
888,22280,5,6,562,166,17,0,7274
889,14055,8,25,3323,91,17,0,7274
890,43304,12,51,7127,291,20,0,7274
891,62050,30,106,1783,413,27,1,7274
892,24606,10,6,2034,150,24,1,7274
893,3729,0,3,96,43,6,1,7274
894,12330,10,3,386,86,18,0,7274
895,8493,4,6,0,55,9,0,7274
896,0,0,0,0,0,0,1,7274
897,5084,0,0,5,29,6,0,7274
898,0,0,0,0,0,0,1,7274
899,21292,9,29,732,216,18,0,7274
900,49118,26,69,2862,490,25,0,7274
901,23136,6,14,331,195,18,1,7274
902,379,0,0,0,4,1,1,7274
903,0,0,0,0,0,0,1,7274
904,3495,5,4,333,19,6,0,7274
905,144063,88,78,2974,1160,40,0,7274
906,11845,0,4,300,144,11,0,7274
907,20550,10,8,700,127,17,0,7274
908,860,0,0,0,9,2,1,7274
909,86628,29,191,7566,464,33,0,7274
910,23927,10,50,1362,208,16,0,7274
911,0,0,0,0,0,0,1,7274
912,46159,9,59,4001,345,22,1,7274
913,40476,24,157,6768,283,20,0,7274
914,20640,5,81,3163,207,14,1,7274
915,8993,1,0,0,45,17,1,7274
916,3324,3,2,318,32,5,1,7274
917,31448,10,44,5915,191,16,0,7274
918,20853,9,1,657,121,17,1,7274
919,0,0,0,0,0,0,1,7274
920,1632,0,4,0,12,3,1,7274
921,55966,27,111,2772,406,26,1,7274
922,0,0,0,0,0,0,1,7274
923,24005,12,23,4959,178,16,0,7274
924,10970,2,1,0,66,10,1,7274
925,0,0,0,0,0,0,1,7274
926,27289,9,17,650,191,24,0,7274
927,5361,0,2,0,53,4,1,7274
928,0,0,0,0,0,0,1,7274
929,20340,17,25,5944,121,11,0,7274
930,5765,0,8,0,56,3,1,7274
931,0,0,0,0,0,0,1,7274
932,786,3,0,0,10,2,1,7274
933,28984,0,37,471,215,14,1,7274
934,17889,13,19,4548,141,10,1,7274
935,9231,0,3,0,133,10,1,7502
936,15352,6,7,2914,140,13,0,7502
937,4905,2,0,0,37,7,1,7502
938,10377,3,2,4715,62,12,0,7502
939,21064,1,15,329,322,18,0,7502
940,22122,5,31,211,257,10,1,7502
941,7399,1,0,0,86,8,1,7502
942,17975,14,4,7815,87,17,1,7502
943,2453,0,1,874,20,3,1,7502
944,5241,0,1,0,40,4,1,7502
945,13184,4,14,295,194,15,1,7502
946,45007,18,11,6930,360,21,0,7502
947,39489,27,15,6636,325,23,0,7502
948,0,0,0,0,0,0,1,7502
949,7267,0,1,14,52,10,0,7502
950,11185,8,2,4569,76,7,1,7502
951,27320,13,23,6311,168,16,0,7502
952,14489,27,6,221,177,15,0,7502
953,4279,6,2,36,52,8,1,7502
954,18263,10,5,1438,231,19,1,7502
955,52240,28,31,16357,399,21,0,7502
956,10864,19,5,1803,127,10,0,7502
957,39299,32,7,3792,274,32,0,7502
958,1821,0,0,0,12,4,1,7502
959,24807,18,2,171,168,25,1,7502
960,20722,21,6,2390,148,10,0,7502
961,13796,1,8,7152,78,13,0,7502
962,13339,2,15,339,116,10,1,7502
963,12101,3,5,1024,128,11,0,7502
964,39280,22,30,4169,428,28,1,7502
965,55871,58,13,4677,493,23,0,7502
966,45039,21,9,8276,282,28,0,7502
967,10463,3,5,922,131,14,1,7502
968,10704,12,8,28,199,12,0,7502
969,54129,31,36,7949,469,32,0,7502
970,82110,28,66,4449,627,31,1,7502
971,0,0,0,0,0,0,1,7502
972,300,0,0,0,2,2,1,7502
973,41646,25,56,2753,291,27,0,7502
974,5699,2,2,8,63,9,1,7502
975,0,0,0,0,0,0,1,7502
976,33737,9,42,2675,314,23,0,7502
977,60359,29,14,12051,525,31,0,7502
978,18232,8,5,3533,120,11,0,7502
979,4814,0,1,0,35,5,1,7502
980,17737,8,6,1368,134,12,1,7502
981,22491,2,6,104,207,18,0,7502
982,918,0,0,0,4,2,1,7502
983,42659,13,28,378,380,24,0,7502
984,5389,0,0,0,48,8,1,7502
985,0,0,0,0,0,0,1,7502
986,32370,7,9,3510,214,26,0,7502
987,25400,2,5,4532,182,14,0,7502
988,0,0,0,0,0,0,1,7502
989,21704,8,8,1711,253,10,1,7502
990,3030,1,0,0,18,8,1,7502
991,29997,15,14,7803,190,10,0,7502
992,348,0,0,0,6,2,1,7502
993,9932,0,3,0,105,6,1,7502
994,0,0,0,0,0,0,1,7502
995,23200,12,14,4073,168,14,0,7502
996,777,0,0,0,8,2,1,7502
997,15459,0,7,4493,109,13,0,7502
998,32428,4,5,3858,188,24,0,7502
999,1520,0,0,0,18,3,1,7502
1000,7628,0,1,0,81,3,1,7502
1001,36856,0,9,5138,253,22,1,7502
1002,30716,22,4,903,280,14,1,7502
