Assignment_View_Quantidade_Somado;Log_Post_Quantidade_Somado;Log_View_Quantidade_Somado;Login_Quantidade;Numero_Dias_Acessados_Modulo_Somado;Turno_TempoUsoTotal_Somado;Evadido
-0.7083189159915309;-0.5110596209315225;-0.30809874983918717;-0.3678333705779105;-0.37224505149746123;-0.1650919764355564;1
-0.2251629978611293;-0.27251298449818595;0.12024797689469312;-0.4822921386570096;0.742067929037843;0.05039618853560343;0
-0.6107110966569277;-0.431412114480061;-0.23466728945606286;-0.0398846997203546;0.07196187984701855;-0.4050425055457576;1
-1.2032642052084306;-0.6480260680193113;-1.0800024974367077;-0.6872782796812277;-1.5833141629104994;-1.1285828279696712;1
0.05491358179172587;2.806752508385714;0.5089747220199551;1.0383395092287442;0.5865767210636806;1.0881262929842594;0
-0.5399259082783272;-0.40231960971824327;-0.5380678683494271;-0.03578669589151007;-0.4727653803850711;-0.3965071949479474;1
-1.2057970302679228;-0.650075785704858;-1.085467247545104;-0.6869951224837318;-1.69332896426199;-1.1278856133736777;1
-0.2492285436632878;-0.4125585426478987;-0.09121968008504198;-0.14946896468522633;0.3016023848818965;-0.3639925992928132;1
-0.5963303163196412;-0.18691516747554612;-0.005363258470312875;-0.7001088918484449;-0.03074544109972239;-0.30897957744589644;1
-1.2057970302679228;-0.650075785704858;-1.085467247545104;-0.6869951224837318;-1.69332896426199;-1.1278856133736777;1
1.116424907228605;0.3878811030126049;0.33159760221078277;0.1780431075059183;0.5685161686770742;0.3915886979731537;1
0.9391445710547064;-0.14603020421891863;0.15468445066238323;0.06880987001156125;1.4316143009005449;0.40084629892972956;0
0.579079880478303;0.44562532758829926;2.599303230945165;4.093019805891679;1.5969792755176333;2.820700418863862;0
0.34004629145822524;1.1019888356153915;0.1893767609899481;-0.7026775374518572;0.3523965777573473;0.08476204487265583;0
1.8861852649558801;0.28763721985150753;-0.23915289333371045;-0.6877136169949709;0.27035495567621737;-0.053569580288703345;1
-1.0821861333855167;-0.5802275047872395;-0.825266712634366;-0.5824459511840027;-0.4834237984669793;-0.8870232464392525;1
-0.08852529112966859;-0.4134671730970312;-0.1166568221114065;-0.47578346980493397;-0.5735428819954351;-0.1143938459230893;0
0.47836570513064397;2.4612731451173975;0.6793054445586574;0.9319854367203304;0.26194181475410677;0.7941478955138295;0
1.2586177681693176;-0.3225947807368294;0.08559454049430006;0.2940563142457825;0.5610516974537348;-0.17598643362970745;0
1.6981725602275768;-0.2857539356112635;2.9422496052088394;6.399695493704897;1.7070628628009548;2.723732659060116;0
-1.2027090449469564;-0.6475317886952304;-1.061940137908772;-0.687467249140079;-1.5835509511412689;-1.1130422973631056;1
-1.1825746507225967;-0.6297469966628944;-0.9826055069145629;-0.6901179613926887;-0.81479237119857;-0.9748332584187565;1
1.037941382231593;3.770566454947698;2.578416229111982;2.114109937216449;1.8200795684879112;1.8181939844347421;0
5.655347939849188;0.6171849047600544;3.6054063240696643;3.996187845925675;2.607032846793663;3.977446783610874;0
2.4329154417429195;0.23454784715670202;0.6188404184553196;0.4022560915861443;0.2665406125358006;0.6620544559485797;1
-1.2057970302679228;-0.650075785704858;-1.085467247545104;-0.6869951224837318;-1.69332896426199;-1.1278856133736777;1
-0.5593329837917015;-0.568163361149312;-0.6121314608974174;-0.6901742369228911;-1.0198585146862205;-0.7936862506008626;1
0.16020439232636033;-0.41967450173569315;-0.7642140734427887;-0.577478886665952;-0.33586644817402733;-0.7830122450360086;0
-0.07500479462867247;-0.33709140244211505;0.07360290250004389;0.39804072180164707;-0.027038251448877185;-0.16906590467059016;0
1.8603494792476245;0.4958793941822056;3.9060001025580733;2.2237400757400323;1.9610426701144748;3.14061418929953;1
1.7919133290350628;4.809268151306412;0.37834931193678334;0.7131096266131588;0.7976606313172784;1.0502287850655176;1
-0.23304234401435753;1.162239611495105;-0.7959725374058105;-0.6938810831463428;-0.5285701259164809;-0.6051590151021459;1
0.06056970919459512;-0.021629063722432965;0.8048776421389663;-0.15944706053017516;0.525162301196179;0.5893197758948119;1
0.21594152273174014;0.7254201137019407;-0.20171203648401126;-0.2587116970853601;-0.2076913234942909;-0.10699674844198623;0
-0.08367375226452475;-0.5221267832215638;-0.18223335999783596;-0.4758728895317112;-0.13609065724723513;-0.0884535814253058;1
0.5640644831845311;0.059792332333920103;-0.07019725447966754;-0.47714255382344006;0.11054499286874535;0.506582145494799;1
0.8154635538876607;-0.30052677100380765;0.048969877895742184;1.0583956713433176;0.3210106510788439;0.38299736338000845;0
0.4734750409075812;-0.03195986453139931;-0.29577009600586623;0.07254120174486847;0.7695512250978951;-0.1335327807765899;0
-0.8188205000078844;-0.5737647134268232;-0.6647770487522033;-0.582061319075507;-0.6971742245702407;-0.8545993679792417;1
0.5091543889821181;0.7152667732289855;0.2765048269277162;-0.04435277524996242;0.6738931722932386;0.03261518324195348;1
1.5586631058545166;0.12644059938353547;0.7880110752852834;0.8345503824055719;0.7885019889962431;0.2902253502287508;0
-0.32063769670986775;0.21018014207878233;-0.43718463127882096;-0.14954683193933122;0.42580425020433393;-0.16798818022592937;1
0.05866332576955885;0.5496861606291025;0.17552103572210928;-0.5928783941227815;0.32954904878250274;0.19101956032632547;1
0.7336072365536601;-0.36558167533992414;0.4575021850786531;-0.040848448652927416;-0.011343444965531052;0.5189845957383;1
0.4931664105051062;-0.1322021823758892;0.5608697969235492;0.39297875247272684;0.7543921042284462;0.48800527965071194;0
0.5621317304690551;1.5967662542789656;0.9494687962344326;0.0546305093944755;0.7939596025626716;0.9280545408453944;0
0.0619976531671207;2.221676343955553;-0.7214189440423998;-0.6963192060063855;-0.826929045268081;-0.31737675085920297;0
0.6465136716024742;4.2509915705411085;0.8484184738884815;-0.3914005750561732;0.7523565502290318;1.2073907138488758;0
0.2609090847045766;0.015379914111060843;-0.6878473289842234;-0.6887289985296501;-0.6553213038119542;-0.39907463880757865;1
2.2684118508678797;4.702390697046027;0.6911306542523704;0.4905989406384954;2.2352104018919663;1.17927152297371;0
1.3392373346999484;-0.2991472959900604;2.543733787018784;0.3782281500959275;1.1929155107302776;1.2161270701799543;1
0.11896645316691734;0.43013305735717866;0.28080757106658044;1.6005822175211406;-0.3418226564493933;0.03584253513133043;1
0.700607923648668;-0.1941213132188513;1.7110669986925684;2.35407078024963;1.1724710153787603;1.3755103694169808;0
-0.2656425283515187;-0.4991998040838619;-0.3752069942900447;0.5106097306597137;-0.1460619789914677;0.1375349496592123;0
-0.4968176910808525;0.051159713089710984;-0.11547394552559738;-0.2620600282631883;0.3052161642273717;-0.17698464099744532;0
-0.27803056855351094;0.3214114746384759;0.3259108651202799;0.16904526432019296;1.1852599039898806;0.6258650490694259;0
0.39226273612270574;0.42961945399935064;-0.034188184599175234;-0.6969633032460184;0.011478441688730287;-0.18726533616144075;0
-0.7026548810145173;-0.42764620558788885;-0.4488850040961225;-0.3676369672577745;-0.1502196494641404;-0.032961165339395776;0
-1.0377068740251563;0.4107134321154242;-0.4669263764356598;-0.6994898017448639;-0.5759677129994086;-0.15136306523611692;1
-0.9403355865304138;-0.4268259434805062;0.07815267071949553;0.7201954619940475;0.7117314213608666;0.12547427616685208;0
0.015617148724374655;-0.3253869856452327;-0.16387482882885396;-0.038433835466989405;0.19927063021359284;-0.12321586949304464;0
-0.8708348952436944;-0.16084614665377886;-0.1217444828143247;-0.7000841381274431;-0.589183841592599;0.0011619992439514393;1
-0.6846131308391774;-0.22274372215860874;0.055017043670873914;-0.7014472536809138;-0.25804609074153;0.1269028636890459;1
0.519733873827387;-0.368131608911636;-0.5741987744175638;-0.3585480276467753;-0.21737452742683078;-0.7466093133109631;1
-0.7333665898592141;-0.46020866147855;-0.8014987096615527;-0.3614031563311858;-0.8021010489528941;-0.8403038106245245;0
0.20311977342748944;-0.3425035721543207;0.18823352951614503;-0.15118371229826136;0.08685731500263097;0.509576190114618;0
0.8816638383156808;0.2571438337639015;0.5964904527464269;-0.2663429714799327;1.6563734761897355;0.6106129213113344;0
-1.0198679677273912;-0.635790844363181;-1.0223767582765402;-0.6875626512332014;-1.3592390424597913;-1.0302884402444799;1
0.07312718445756766;0.44387568438106784;0.5417819355449893;0.826187217916371;0.639025710177519;1.1747902033332418;0
-0.6180796340314793;-0.47260350992260025;-0.06212617690952782;-0.5878959705655348;-0.4769401311663045;-0.4638030415512411;1
0.17317521626510027;-0.3316699302683649;-0.4663283914612123;-0.36216728722781644;-0.3407652071561058;-0.29095244765102735;1
-1.186460599807721;-0.6334299319802695;-0.9467816401463078;-0.5805118981980382;-1.0362641747381114;-0.9034022177722254;1
1.0206226603351414;0.022531933983262403;0.6137305791375385;1.3815796545436807;0.7694468824147337;0.2760511417428041;0
0.21749628362294637;-0.3285628838950646;0.16991899524879073;0.28512681489626934;0.6312856525711041;0.9770852714443399;0
-0.42878056628290045;-0.3420999848550319;-0.37466225422179833;-0.14826457264750764;0.3001068724233463;-0.32843273199470685;1
-1.2009562451493645;-0.6465177518188127;-0.9892418884132081;-0.6881270980782701;-1.5841638449086797;-1.0959366707985851;1
2.034221098517139;-0.03042192398433271;1.8050899753620033;2.0308216706412843;1.5472270162550843;1.0845415761334167;0
-1.2057970302679228;-0.650075785704858;-1.085467247545104;-0.6869951224837318;-1.69332896426199;-1.1278856133736777;1
2.184927275255777;0.08014388560945152;0.6178642899543276;1.9322601615171913;1.343255597794029;1.1489174625182508;0
-0.45305242656998146;-0.4337586732066455;-0.541709074550978;-0.5828394113167811;-0.5779190155929814;-0.43357837864920046;0
0.6845532292601669;1.3301324526959917;-0.3230683142287968;0.2889753511474696;0.3659319555552186;0.16270730567423095;0
0.7023752886083114;0.2390501375284756;1.1884424736770431;0.7146631446786567;0.9788564812553533;0.9759167055702582;0
0.35567441535551403;-0.2115992272122953;-0.4506103854480855;-0.03325607685412575;-0.11386584241893011;-0.37810779802912453;1
1.4910837508907722;-0.11333546534066369;1.4161144022760856;0.49814507925604523;0.878595362290209;1.3708489207370922;1
1.6339983571806715;0.8051630357623331;2.2372565472131902;0.8156923401422698;1.0010518489069804;2.1263623532861304;0
0.6892905738153698;-0.4031789611955645;-0.6573461046306607;-0.575532581397862;-0.4316013889305319;-0.7448603017413589;0
-0.6542073645858805;-0.5446749166414082;-0.8014644074912738;0.2969619468335058;-1.0265139808769286;-0.6730494828475918;1
0.13089143173211998;-0.38125141540206336;0.6552687461575779;0.1727851686241197;0.6309775099159463;0.19339796899386946;0
0.43135081640646783;-0.25462539386987265;-0.7089381720962901;-0.3582580937027888;-0.3270798926334936;-0.6154835683868976;0
-0.9143047644380434;-0.5418743686891152;-0.7937143581422543;-0.5811226668092679;-1.029050464549158;-0.7158947649548586;1
-0.53804983534459;-0.4318633648579192;-0.7327190144832036;-0.6918449553214042;-0.2480459076819445;-0.4878873223186573;0
0.2034395965269245;-0.33983107820487607;-0.07910296771969275;-0.5872666524588365;0.42364688511973325;0.18307512420255873;0
0.38851860339079175;-0.3393037586101;0.499157828573916;0.28526011671811413;0.4194082932308839;0.2680233568387066;0
2.0982629907770063;-0.24178096887057585;1.3175404646764841;2.147063403781943;1.552282743777644;0.44098238385364996;0
-0.4605705488738678;-0.5173015380323306;-0.5974953381188245;-0.4721113831758958;-0.6895793554847668;-0.5141608829807555;1
-0.7438691373936763;-0.6181998926731292;-0.9444070649109186;-0.6878756165487826;-0.9120813652562633;-1.0087615316916239;1
-1.2005759511627907;-0.6456563900613705;-1.0746868541003454;-0.6875933401668346;-1.4734104111123865;-1.114311107063425;1
0.11225951931098985;4.301487914045289;0.8568052887677948;-0.39326101939602404;0.5211850431937852;0.8997789427114229;1
-1.2057970302679228;-0.650075785704858;-1.085467247545104;-0.6869951224837318;-1.69332896426199;-1.1278856133736777;1
-1.203109201391928;-0.6479231672306139;-1.0739528836181362;-0.6873351015318101;-1.5833716227404364;-1.1262966452979157;1
0.11075683208621312;-0.501078789270143;0.25359914624536106;-0.3705155935236961;0.08243212787382999;0.33365175969680616;1
0.9061659432674575;-0.3638894305075704;-0.20638887137907314;-0.2535628179027398;0.774987449342323;-0.18447543801978075;0
0.9067031584926585;0.21937016997498146;1.9915559341364182;0.8174053209681887;1.6387119434106632;0.7848290969836204;1
2.3393345340710434;-0.32225739383744645;0.8807743181855194;2.5910701016895548;0.8943495027696069;0.9508964075780809;1
-1.1919389315759203;-0.6380178812335033;-1.040693966308246;-0.6887310004441988;-1.1439481593996892;-1.0543088308328745;1
3.4302561438053867;-0.06600779159398493;1.5467160621322098;0.9461957620837906;1.266893338313638;0.6599659926278421;0
0.940843751588957;0.6273796850275895;3.224755092824135;1.5711148582784027;0.8544430684318949;2.307296116355774;0
-1.2057970302679228;-0.650075785704858;-1.085467247545104;-0.6869951224837318;-1.69332896426199;-1.1278856133736777;1
0.07371001240273689;-0.061755683964979186;1.8107869567730261;0.16149695081746943;0.29612249069946667;0.5130020901633034;0
1.6812561746342518;0.058056358983833434;1.2698252434175683;0.06072327108540537;1.4428909799451373;1.1577212568252853;0
0.9525717552417221;0.49075579465084984;2.790046459899813;1.9009753569728278;1.9495106465923442;2.6421938398716014;0
-0.34139568119920927;-0.45571534176622613;-0.2947501002014774;-0.14812456966522994;0.4100458295731487;-0.44191343898218594;1
-0.01491195465375457;-0.5785173343411003;-0.395638687648066;-0.5809285130683608;-0.4578138179876944;-0.733148899527987;1
-0.5610886879535136;-0.5300342010274179;-0.7634969352535422;-0.6890585179505245;-1.0180585247340406;-0.7668024601579231;1
0.26106768884575277;-0.41138534383038977;-0.5095791053457488;0.2958889502983156;-0.012935064147273884;-0.3540545022566388;1
0.13101344325985514;-0.2623567769342857;0.024130343256361507;0.5052190816766701;1.0750428059582255;0.39176435447311864;0
-0.19309814159721306;-0.4301323520243458;-0.5807949040238045;-0.5806676395598745;-0.6792194212304191;-0.544497209252917;1
-0.9027546343689251;-0.5025865372761062;-0.4694028260324371;0.510579304247732;-0.8191549158713982;-0.31994557352258496;1
-0.7185630366732145;-0.5997574093877988;-0.5596262675433831;-0.03625826724656295;-0.26217185342803573;-0.45252497769571876;1
-0.7185630366732145;-0.5997574093877988;-0.5596262675433831;-0.03625826724656295;-0.26217185342803573;-0.45252497769571876;1
0.3291860910929336;-0.09983579266448804;0.8397986890671251;1.0464447402876798;1.185833027105742;0.3723821605887958;1
-0.5007386980119951;-0.259887622851313;0.6094335309015267;0.06181465072636067;-0.26248930541370447;0.20892615978542856;1
0.21075632374035985;0.38737799940127926;0.06332795983897972;-0.4796935168587755;-0.5517506129732739;0.48625866575019255;0
1.466321644418545;1.1841037439962485;4.517741577585007;5.059709247828169;2.598367521389548;4.236671835326301;0
-0.5596925802835644;-0.4560744575355914;-0.6325518170596823;-0.6898715440214324;-1.12595266795911;-0.9059890353299315;1
-0.8364181587444812;-0.5881283024685363;-0.7679408254767183;-0.6890514779071655;-1.3551616009164829;-0.9874773064868394;1
0.17221424158544907;0.008509420398487968;-0.6961561628239108;-0.5792853733814688;-0.5468014508639021;-0.6096432338445651;1
-1.19576893525154;-0.6419516879515548;-0.9846274120692071;-0.6886933784755171;-1.3642744505807742;-1.0729725774683412;1
-0.380819735331953;-0.5267893593850571;-0.8443486166011209;-0.14021768355332323;-0.5745071767997131;-0.8677514677727981;1
0.7392597192451242;-0.13710010854326382;0.07361570215160648;0.07116350337929649;0.5503042536343827;0.049622461816024394;0
0.011915948467489806;1.2309459750993046;0.5881855413517946;-0.16313610815210858;0.4406733333544648;1.2667769172762966;0
-0.38591751555042336;-0.5276630372490831;-0.9104247443704967;-0.5773224774094621;-0.7909441794134734;-0.9732626086953001;1
0.707325923340188;-0.39308056443858586;-0.3726578540935915;0.07774052314312946;0.1108258586705964;-0.44195419229341987;0
0.44261921583795527;-0.20295606659813317;-0.47270313091467453;-0.5803799508194685;-0.32912369849763623;-0.25847461837294833;1
-1.2057970302679228;-0.650075785704858;-1.085467247545104;-0.6869951224837318;-1.69332896426199;-1.1278856133736777;1
1.9989486730093589;2.5495901126975085;1.2669515509973484;2.7951714117651556;0.8380547566137158;1.363508716343274;0
1.274255804246549;0.19004204231687927;0.059919206356085095;-0.03628022431093035;0.35350423872670494;0.13625145505180217;0
0.4395878827332855;-0.2492643249559089;-0.4672114422102691;-0.36068732852773827;-0.21906245596246252;-0.5598515239860071;0
1.1067689098937448;0.09401555921091556;0.4552240210991789;2.2594306344544757;0.8794296281804623;0.38375629360468655;0
3.307166380582031;0.08022106885125514;3.310537345830001;1.1466895714207368;1.3547187313407465;1.610733100242829;0
-0.33022824552985025;0.11173680717742737;0.12024664580338082;1.1620236490110694;-0.24902456350709795;0.04278803398352548;1
0.8210420632848839;-0.5133160381611469;-0.0026111937096465823;-0.25601684499678123;0.7646177715259751;0.14848538885632298;1
0.24474970186658193;-0.5356314785274046;-0.3046644083936775;-0.3609379316948774;-0.8932198101701837;-0.459375069724706;1
0.06711280206420005;-0.4653552158357149;-0.44227875623814733;-0.689147592299556;-0.8917811683872914;-0.7028085114341087;1
0.8708931005029025;2.1015756715256746;0.939997510487947;0.5984602849815206;1.9050482771604806;1.7241801722734305;0
-0.02594131395662705;-0.508038391686998;-0.6280595758841151;-0.6879578891859255;-0.8943152914195704;-0.6720924315256822;1
-0.05875717405722757;-0.3097057328970155;-0.1137404043410537;-0.36958398371845164;0.5257365376837898;0.22476832824871967;1
-0.9878938334158166;-0.3050256270429057;-0.7131907461554629;-0.6930506853299336;-0.8054884218044037;-0.7161988475095695;1
-1.2057970302679228;-0.650075785704858;-1.085467247545104;-0.6869951224837318;-1.69332896426199;-1.1278856133736777;1
-1.2057970302679228;-0.650075785704858;-1.085467247545104;-0.6869951224837318;-1.69332896426199;-1.1278856133736777;1
3.1839620946459015;-0.1499523608633794;1.8871128307379457;-0.04654345901457213;1.0293821735957498;1.9925355671260483;0
-0.8284976074632544;-0.5762847194385412;-0.730454774678821;-0.6905905525111784;-1.2486764597354905;-0.5451483548480591;1
1.5277017560362984;-0.18980466172970767;-0.1119803431124312;-0.25146635280429175;0.6860932976417772;-0.17829927776096785;1
-0.7400410313177199;-0.6147808636152714;-0.9029950328053715;-0.6885746775768332;-0.8026722893348315;-0.9605646518268208;1
-1.005568497912637;-0.6254378851036719;-0.6546050336240753;-0.691499639686773;-1.1426628679685065;-0.8882657985666171;1
-1.1906987590338531;-0.5617135775614005;-0.9129969124037665;-0.5802918141776388;-1.3645276636120172;-0.918970989032078;1
-1.2057970302679228;-0.650075785704858;-1.085467247545104;-0.6869951224837318;-1.69332896426199;-1.1278856133736777;1
-0.6276231346213894;-0.4000682527216103;-0.35006106214171406;-0.6947435456839582;-0.8032116353350889;-0.3778561602869017;1
-0.6029474677112622;-0.04130621828554024;0.024929014469848666;-0.699638565420266;-0.577149309837759;-0.31719983063462154;1
-0.9073143020647901;-0.6110228661039483;-0.8143451545748893;-0.6911779042364125;-0.5898500732780559;-0.7500850040863511;1
-0.7461210394618771;-0.5841380906387692;-0.7594780378574354;-0.6888185747114477;-1.242309567586526;-1.0290101723994263;1
-1.0988842945290953;-0.5930341089598052;-0.8380149458601233;-0.6902575632393089;-1.2530256970407292;-0.8909153694257117;1
0.15904051982052195;1.2306156953630556;0.16734835344392382;1.0493846894325707;0.22996519745526028;0.3115454518192977;1
-0.4363627692516466;-0.19552242658646013;-0.5012026580250203;-0.2561662136508004;-0.13419615722313114;-0.39044957547162223;1
0.8486660137599427;-0.12119636841185591;0.5089103311762133;0.1762275325639614;1.0993455910300793;0.08049135225483342;0
0.9483509320348988;2.156707909652364;1.8182006873810652;0.5949223258312188;0.6970886543162534;1.2073050703101362;1
-0.20820314086131614;-0.3370307546921322;0.559915520482356;0.1697677027785144;1.059351250464725;0.6251558937770737;1
0.31922062238490667;1.1369077598714095;1.3194380279612212;1.5820474592972693;2.3024135814908577;1.1527386916035767;0
0.08437615559650102;-0.3775972781692825;-0.5801255613447741;-0.1424019584635024;-0.012437826766619448;-0.5829851410953317;1
-0.2538655658230912;0.9169267578904696;0.7257587477297573;0.16310408167080587;0.6407686351592294;1.4902208727442496;0
-1.1061340869092666;-0.6378900153260759;-0.933837340481631;-0.688761313892399;-1.3623473882633388;-1.0347947857234705;1
-0.5413732359063985;-0.5195529234064326;-0.43144130953805365;0.40157243855009245;-0.4804545922113798;-0.1856373114412669;1
0.934012766340907;-0.19554879043149356;0.7002659223676504;0.3943579088474131;0.7644950700963649;0.4535088395726487;1
-0.5816688775704683;2.736905320636316;0.22522297013004694;-0.38395158473123325;0.14441359667885814;0.1394099887936267;1
-0.7269973540561974;-0.45629026587798094;-0.8121213094509436;-0.14293641064374757;-0.4734427842100224;-0.7950982388672361;1
-0.4757680490981694;-0.15663768791637936;0.1391799599454367;-0.2661682319945759;1.1754241198729858;0.15857651044936094;1
0.10863043635200458;0.1340642903402549;-0.18979110910364455;-0.14752490978842342;-0.11377034595563287;-0.37253801075556425;1
-0.7087429037559143;-0.5154455312451944;-0.309398608858832;-0.1485207269962751;-0.26222222991439703;-0.322795210955945;1
-0.5199732290428072;-0.3488177901093501;-0.10843056575281387;-0.15022412514874883;-0.14502089174985938;-0.24607410478216685;0
-0.2414681197475011;-0.32588068964920963;0.08381386158873613;-0.58969113003945;0.19363662544537788;-0.2089714000052617;1
0.1762830324215604;-0.25647890043205845;-0.5099862935705175;-0.47130322339739017;-0.11508854490771046;-0.6521884026269156;1
0.7464934513851323;-0.2922737899384702;0.12889057955855948;0.7276066432156965;1.3144554195694427;-0.19102884678935828;0
-0.19438742365261136;-0.5848361023226514;-0.5511048238143769;-0.6900072933996529;-0.46097487187876923;-0.773102908946091;1
-0.8691027391003394;-0.46449532982055475;-0.4305246392775094;-0.4789364805249667;0.39583472772488276;-0.2247239474499931;1
-0.8042461649597952;-0.3789314469538734;-0.595466626039612;0.2921755376746697;-0.2586261813296995;-0.6831812998727893;0
0.5106390967378793;-0.23404484173902193;0.759183050692007;1.5939482620730612;1.397591728572546;1.3044493665405943;0
-1.0871762810845365;-0.6221612654570251;-0.8736703371318415;-0.5816135622117595;-0.5939336533992421;-0.9144169844682735;1
-1.1994618181095478;-0.64509235157243;-1.026169167066424;-0.6880220733081233;-1.473780139613645;-1.1081464834461956;1
0.41895572371037526;0.4046282089595176;0.1596773760338458;0.613189669732031;1.2096227215836322;0.18728697999731547;0
-0.2612523219658685;-0.4227352208474413;-0.6730319445386443;-0.034594998220481205;0.5275942449380782;-0.7147682872278366;1
-1.1061727866999524;-0.637026441437794;-1.0436736062015517;-0.688041530164591;-1.2515077392363338;-1.0429541294257687;1
0.15768120181422196;0.10600182853882309;0.47390825692725635;-0.2672569513636822;1.0839050732861102;0.5662819935166289;0
-0.8904611470008187;-0.33311618625793654;-0.5168419280686442;-0.47598719430607295;-0.5881872400936728;-0.47185857783519203;1
-1.0953174508781183;-0.6278551209830727;-0.7689701881530073;-0.5816762844799658;-1.1460668912174907;-0.7534573145136465;1
-1.1875450928267424;-0.5964662470669055;-0.7674694303367847;-0.6911514128138995;-1.3663541174148002;-0.8561364349540947;1
-1.1997932535579445;-0.6449098951548079;-1.0506444639141201;-0.6878540196773867;-1.4737564822980023;-1.089498890550725;1
-0.17727005853218486;-0.41713347536084494;0.009151879323644654;-0.14872605628974295;-0.8011264732840973;0.19053692901365815;0
0.4233890791026752;2.7280711455073368;0.4902360538269501;-0.16614301842519252;1.2614365898598834;1.0133286321241002;0
-0.788814208261477;-0.5499752998209181;-0.2236213677475006;-0.15033592704937213;0.0636791071820838;-0.30657609210966064;1
-1.1752102507729774;-0.5860379231839371;-0.6085608048370217;-0.5840912686583608;-1.0394404747156076;-0.6479277179605962;1
-0.44674686114791873;-0.4291779615106608;-0.6480459406360809;-0.47317970851092117;-0.1372710632551545;-0.481777927958562;0
-0.9997414155909781;-0.5054285488402263;-0.7085595084172827;-0.6918183222288182;-1.029901363056467;-0.8055071999615033;1
-0.6492250001891573;-0.45896986213500535;-0.886293414398036;-0.5789940296728968;-0.9071946822221915;-0.9235348764102057;1
-0.6785971958417167;0.12152403749235617;-0.15502472009713356;-0.7003483541931732;-0.13559180550366803;-0.15126799127917068;1
-0.15567089492862254;-0.3599559349232021;-0.40909484161444365;-0.1479263387227497;0.634720738985133;-0.005541093240811;0
-0.029299580995479108;0.09124147503984183;-0.050763870539116115;-0.2632644274866294;1.3053725744648004;0.1682498992452103;1
0.5970063856206435;4.233277896860407;1.7145191903777444;0.6933379776006997;1.612053990646362;1.9140767571127628;0
-1.0784505271212317;-0.5759494682904615;-0.47273552569594934;-0.6949302045522521;-0.8172900097250512;-0.6220850643784794;1
-0.5411237985795231;-0.5905428312906766;-0.45397615692622295;-0.6931467907096974;-0.36268059548415826;-0.6531731113430763;1
2.079791470023658;-0.34051384316659083;0.8423406801260551;-0.4771207011726228;0.6858700174904933;0.5460369116665774;1
0.36870987035574676;-0.24424591117398342;-0.3376856628305878;0.4029361294554541;0.5425330534157068;-0.41714038728374025;1
-1.2030838146575236;-0.6478709070527895;-1.0739772377242351;-0.6873403124022014;-1.5833897608341547;-1.1238517191658832;1
4.557084436007414;0.5235701158251816;1.1048143336553737;1.5042843053040522;0.10314924410684809;0.8202935088720323;1
-0.479642095190116;-0.6095314689704974;-0.797140396704461;-0.6876177851871854;-1.1265538151669428;-0.8680941413399095;1
0.7124990142871288;1.8480789134292193;0.1308121734707091;-0.04560119630359943;0.2655716996247618;0.42958298562497377;1
0.6309029028804822;-0.26876318258928095;-0.5272831349378067;-0.03252270176164179;0.5522968894246109;-0.33854618916701207;0
-1.1814043470761086;-0.25072295405712863;-0.9297406638575312;-0.690539913827659;-1.3553338645364663;-0.9914367785506562;1
-0.4796810877582386;-0.6103979717463406;-0.8573898798349784;-0.6870979880249103;-1.0152876693434763;-0.9774161289760379;1
0.5598766051955637;-0.19433865727961042;0.7680276474819726;0.7232129172004759;-0.1250934633530573;0.15095251868887494;0
-0.5749337308282232;-0.6188309669120909;-0.9433730168707557;-0.6862503819131825;-1.237062986682454;-1.0168077870466317;1
0.0002007234738108793;-0.5660756049958904;-0.4208629398629968;-0.03500040992527905;0.19678078312990813;-0.35652717951615875;1
0.249441658654999;-0.30626981339182263;-0.5112656603623903;-0.35972113777805875;-0.6636283636711393;-0.749458142316681;0
1.9707927082544865;0.7028356304471036;1.285878657207495;-0.16025775550117835;1.3529762609761284;1.7583482638418544;1
0.9293970937287939;3.2575272947945746;-0.04261721753796588;-0.7046516030422363;0.2018050344806893;0.3385204032197169;1
1.7988689204751385;-0.1876965004748913;0.6111544033928815;0.8394990549640521;0.34980366154645304;0.21205485534840646;1
1.5701019813941173;4.334456019064646;1.8597684431008088;3.1054127363398583;1.5085231399754375;3.1473811120337807;1
0.5522313931596419;0.3859639674789977;0.21579698688751245;-0.6964851412510717;-1.0891877326807635;0.1667793465858845;1
0.6957592542080342;-0.3581423701002501;-0.4463989038893769;-0.5778670813235971;-0.5442514750481159;-0.45243237066824504;0
0.37816218550806846;-0.4146525205243467;-0.14604300856681035;-0.2570851328597527;0.6460210050217011;0.11169119638219219;1
1.271597063898119;0.2327839147696998;0.4453118571376246;-0.696140180235697;-0.5274301148518208;0.4868635561013658;1
-0.9200145930609546;-0.623783109141885;-0.9374147389116531;-0.6888311310949391;-0.9172085233697586;-1.0117826157599505;1
0.6339007987573497;1.1757812813485242;0.6678987709635142;0.05812282690330983;0.7851719737183029;1.2364620484806974;0
-0.028814786887166474;-0.3590272072718328;-0.72643455839539;-0.6869456604198959;-1.1091994772383915;-0.7502457900597946;1
0.16903380174453905;-0.37071429095973973;-0.6017204220515407;-0.6893181073333295;-0.33783272293289013;-0.4516366851284329;1
1.7545412633393256;-0.3268863551748695;-0.4254110534639615;-0.24409339878344316;-0.4055722346319146;-0.4488015570339413;0
-0.4564544632745588;-0.3282052940264438;-0.43474743531165566;-0.035576125229776906;-0.9093375636485089;-0.3652537440200926;1
-1.000571400267243;-0.6208901951048852;-0.8261666758001069;-0.690778237575438;-0.7006405725047831;-0.9809777102092762;1
-0.10731723414287336;-0.39512542287596364;-0.69965895658129;-0.35988853928950415;-0.5644332023626494;-0.7604557278081889;1
-0.20059246683854182;-0.5129041949927983;-0.803361439479819;-0.6876847429986737;-0.5667952257660185;-0.847901513795841;1
-0.4390765033759031;0.1449329243355956;-0.6848563574182768;-0.36416610588050885;-0.5631217353914649;-0.4575513422338437;1
1.2898921213892118;0.2738964634733846;2.16326432663512;0.2660730165965903;2.192579499141048;1.914328822596652;0
0.7414915583824854;1.102739295043616;1.805930444322969;0.925438340062883;0.7719543255451837;1.416364325154479;0
0.8807741214823931;0.5573018461875895;0.9224448297238815;0.05990786607280471;0.7776091687552248;0.9228664477370017;0
0.6420012058579637;0.19681726316775494;0.263702262910508;-0.6961848287506169;-0.6496612058156132;-0.10961219678011633;1
0.014057458043332109;0.9947693395256109;0.9291806401449512;-0.6026130033031759;0.8819946713388448;0.3399981539079415;0
0.46425124336384455;-0.26577406634032974;-0.1124048837606118;-0.256327915716736;0.4342369505090409;-0.15737689050795658;1
-1.2057970302679228;-0.650075785704858;-1.085467247545104;-0.6869951224837318;-1.69332896426199;-1.1278856133736777;1
-0.09081293407744259;-0.49539217354700693;-0.6169751023980449;0.07569301579098511;0.1972898286623368;-0.40668230846548425;1
-1.0100301465629375;-0.6265451474960113;-0.9647425775149868;-0.6890468108661362;-1.0304215852312966;-0.905207511000204;1
1.238532901717207;0.7257400767471447;0.7992721256921956;0.17141113557050308;0.9012541765967845;1.0283315856938826;0
0.384926193000449;-0.14856577256840914;-0.3341342179491795;-0.14649479099726115;0.9869151474208898;-0.31126563718905453;0
1.5631865917145271;0.9211077529605443;2.297571311091073;0.9234129690100304;1.885412140495823;1.5148871005713338;0
0.7497183091290848;0.7794686652798732;-0.39158308547125537;0.1831004676418903;0.35906681988880473;-0.292052707010453;1
-0.7017535140830173;-0.5799287292431898;-0.5074758437474504;-0.6954915956128622;0.2912539990573847;-0.44004863017059637;1
4.044067439143862;0.6926007649612711;2.3620281916632946;4.437815848184768;3.0184275138720404;3.001646228562513;0
1.4035028984186648;1.7248363801810276;1.6587999284179562;1.6916470919427011;2.230388493914756;1.6353115817919055;0
1.1688729107843436;3.104292073075355;1.693709835138528;2.343862179626567;1.4806579310840302;2.114256222038038;0
0.8313046295256142;-0.32077714829315307;0.17962531187812653;0.07048503674585276;0.8769670017681372;0.09790599151171063;0
0.6541439907139782;-0.3629666836458516;-0.26110764183396407;-0.14619707278836008;1.4276512471235343;-0.22235512167828844;1
2.065516283254249;0.2712840338015849;2.1519261061415773;1.586479797088289;1.7686937689088618;1.8431920006632962;0
1.3644485807044096;-0.03770643322839487;0.9016161332244965;0.3960744473054958;-0.2121582427184283;0.6700426410344344;0
0.3586970612685902;-0.28130728972460206;-0.4905162284979978;-0.47136615028555484;0.10749088125893237;-0.4525626259892924;1
0.5406963899028981;-0.42564043098799337;-0.0932814700289275;0.18303324845058164;0.0984476364312964;0.06758545153513974;1
-0.014115449323105371;-0.5752980586973587;-0.43189125159217234;-0.6904239088177341;-0.4576769880232186;-0.6381461570550075;1
1.4482647651550868;-0.3458972224519558;0.8954253103403105;0.28794931693948583;0.2265348176996404;0.23671562010172023;1
0.10417142513203831;-0.47095838855634087;0.14406198005234344;-0.47830224242486225;-0.022743002695830364;-0.006023131565412232;1
-0.15632842387870438;0.16971089375812687;-0.4842960513999673;-0.5850666814395993;-0.005898086071288028;-0.385958458506377;1
-0.09576690558784565;-0.4984733474396721;-0.78686944956784;-0.25101078615235584;0.20236088431644034;-0.6898451740054465;0
-1.2057970302679228;-0.650075785704858;-1.085467247545104;-0.6869951224837318;-1.69332896426199;-1.1278856133736777;1
0.5534835703926538;-0.33787911113294433;0.0014352485657143938;-0.14736674966368868;0.43225664538995723;0.000681336814653967;0
0.8731029799217083;-0.3166182115948891;-0.4729342438562806;-0.3577266915900399;-0.42854267141695457;-0.5330282919025434;1
2.108147981753145;0.025874893189304166;1.3432517096862817;0.8296016836708935;0.563013684183623;2.0317822175940905;0
-1.0075927047433586;-0.6257727033923843;-0.9281947603903428;-0.6894354189031221;-0.9200722055305738;-0.9782998510499641;1
-1.1956989103479305;-0.6421022244027507;-0.8934161354303625;-0.689344574484946;-1.4752963383584219;-1.0238709810774902;1
0.33094093685324893;-0.2763875137260461;0.2539176896391794;0.5022565556916654;1.957601249738825;0.44369156172595875;0
0.7765704513171922;1.7487921124507755;-0.09579591449830185;-0.040554059644109144;-0.16758141552892805;-0.23192792123724254;1
0.14780252515130257;-0.4314195493651252;-0.5579445872629653;-0.6870725641824247;-1.1066196313146008;-0.8282451990877726;1
1.1860462731235295;-0.3491614961574579;0.20305796586245695;0.40055708234506304;1.1044310181226464;0.08025549894912437;1
-0.29081417755828215;-0.4463510932799297;-0.6988144322749232;-0.2504818128707162;-0.790806876160214;-0.8172352188128624;1
-0.19331050225970048;-0.39623054439477545;-0.623777916818651;-0.3610931955779534;-0.5678430643314905;-0.713400930497291;0
-1.1757349538872113;-0.5107582124770969;-0.8656748887004599;-0.6916063913137671;-0.8130334899350493;-0.9165383436554259;1
-1.1994070372309849;-0.6454782801761748;-1.0217248260732228;-0.578576383043773;-1.4747916189219472;-1.0579551774728486;1
0.19467527867949616;-0.3991987389538157;-0.027634264508701933;0.508971455306338;0.41830760099810016;-0.09176261189278852;0
-0.7020255286043694;-0.28447210828406816;-0.7225027578556774;0.18233654978335656;0.2964002379660593;-0.5239186413198893;1
0.4147319545175843;-0.3052144564610765;0.5129864253757606;-0.2657729974893391;1.1883656167886059;0.8429531910690772;0
-0.27079369227526723;-0.4607075714264325;-0.5434856259171388;-0.6919906443391315;-0.24264500756537688;-0.4878834644736211;1
-0.6947922556909345;-0.38929920431007975;-0.2234911294627117;-0.2600404532858875;0.07052871556244616;-0.2699668919984972;0
-0.5217101642992509;-0.3839668256454549;-0.6202420529261937;-0.5844913902380502;0.41277128922122197;-0.6088788514167173;0
-1.085552206773906;-0.5039961877430597;-0.6948366503259644;-0.6928103753295883;-1.0339744590809254;-0.6144604949698592;1
-0.2963059385554635;0.7123908245693601;0.15020677450073464;0.7203196386245435;0.3180230908534702;0.08055771942797771;1
-0.4337054503650425;-0.41723594322172064;-0.32585317525807495;-0.36746322231125644;-0.03296581549069888;-0.08288073091542883;0
-1.0102304467701495;-0.6288439576259196;-0.7448036419757779;-0.6904293777803272;-1.2519024747499379;-0.9156333216929435;1
1.1000339288710375;-0.1924944602705312;2.1576091777151585;1.032169896528113;1.944101734678577;2.873151355379635;0
-0.9922608709565539;-0.5347800225672037;-0.7249517422642174;-0.6926487563461591;-0.7019168692445779;-0.635673029823409;1
-0.9698237594065344;-0.5147584783799525;-0.7515064237339771;-0.5853416133578325;0.2868072906695661;-0.46719720137040743;1
1.4630734115068291;0.4690434505221561;2.479707011039578;-0.2824909365318511;1.3228897037583074;1.9548671394269046;1
-1.055378317070463;-0.5523923617601515;-0.5539828677935698;-0.6970103095176616;0.17152644284911425;-0.33622572078672275;1
2.107052377280289;9.6857909979307;4.947680633094377;6.891451301635013;3.1325887982865357;5.457851278761375;0
-1.1874562435567706;-0.5583527721145368;-0.8941149408803073;-0.6902525941929921;-1.2538877179148757;-0.934160812518503;1
-1.1472240981954014;-0.11339080780823792;-0.5849543091209439;0.28902758765347586;-0.3742146162400478;-0.3882101753670858;1
-0.35197717212657975;-0.3087622776401405;-0.3773182638075343;-0.03743194966886556;-0.35905269782158994;-0.0828488768290301;0
0.4993118848252246;1.4225606983655563;1.456714505691518;0.9238305282757657;1.5427937655485437;1.6956788960564633;0
1.4599375857567787;0.1169791012643949;2.74823054484791;1.577185369539818;1.4052303187361983;2.847932891824172;1
-1.19116956479658;-0.5993090769192913;-0.9792370945501515;-0.6892705158472465;-1.2538583981773748;-0.9947208728982702;1
-1.2057970302679228;-0.650075785704858;-1.085467247545104;-0.6869951224837318;-1.69332896426199;-1.1278856133736777;1
-1.0559783048445381;-0.2503386885557948;-0.4846409117886749;-0.6974043063037472;-0.37134584712915353;-0.3210978287531362;1
-0.6290294797182865;-0.5916934580012576;-0.4878301221372926;-0.6935088009211982;-0.365683240325544;-0.5627450129877956;1
-0.6010109641902818;-0.41848506059439444;-0.4366331541279642;-0.2587057569447439;0.624179960097731;-0.3287085343980033;0
-1.195896955649167;-0.640996623302504;-0.9366143348061043;-0.6891288829616898;-1.4755278423334743;-0.9544515345136628;1
-0.8250803400968794;-0.6153569871519353;-0.8697211007198762;-0.6895383670900379;-0.6953655832863237;-0.9651288098808435;1
-0.9801458309276281;-0.527123023014224;-0.3336888472313904;-0.5870171878351808;-0.5963636106707396;-0.4650519014438875;1
0.10767757526758903;-0.17277453940549878;1.8602043652941482;0.37554688937176195;1.4924134758350518;1.6762018358575008;0
-1.1041603275685188;-0.6356940638559333;-0.9650261414472522;-0.6887796825006928;-1.2522528661996224;-1.013483236951318;1
-1.1909671003064943;-0.6382576511841526;-0.8945629998123349;-0.6897923533412628;-1.2551347883973825;-1.0321330123899988;1
-1.2057970302679228;-0.650075785704858;-1.085467247545104;-0.6869951224837318;-1.69332896426199;-1.1278856133736777;1
-1.1982049096121012;-0.6444384122924376;-1.0645700075630475;-0.5783863551852123;-1.3642523600248249;-1.0856737324858594;1
-0.6976624899729601;-0.2792856959344948;-0.32037961648157504;-0.3683792925040321;-0.03343875048828433;-0.517276094187232;0
-0.546013190668777;-0.4411609974564341;-0.43153967783653596;-0.6930060975942538;-0.9103721846488421;-0.4823558418197571;0
-1.1998317785618124;-0.6445568327897545;-1.0630041313797494;-0.6877961003861225;-1.473835529191362;-1.0679255152169906;1
-1.2057970302679228;-0.650075785704858;-1.085467247545104;-0.6869951224837318;-1.69332896426199;-1.1278856133736777;1
-1.2057970302679228;-0.650075785704858;-1.085467247545104;-0.6869951224837318;-1.69332896426199;-1.1278856133736777;1
-0.13560365869505997;0.09446729670993323;1.9196021479693797;2.1234471471070404;2.025993206433453;2.4568209355043047;0
-1.2057970302679228;-0.650075785704858;-1.085467247545104;-0.6869951224837318;-1.69332896426199;-1.1278856133736777;1
-0.8267982198901468;-0.44545271590024005;1.582239725368078;-0.7151224349140037;0.2735271175147516;-0.2180603938860429;1
-0.71596595691564;-0.4036320515122887;-0.34010747830199717;-0.6951908693146353;-0.8055289536932846;-0.41802055824793566;1
-0.46666179035247257;-0.4542398909918681;-0.8132889771077398;0.18742788036438107;-0.5777194785836876;-0.7851178602663655;1
-0.7051769870225351;-0.5095446773431357;-0.417593794356183;-0.3672429708910716;-0.0401355779667055;-0.3309033277627173;1
-0.9985901981981525;-0.5401837107218881;-0.7718588428551413;-0.6916730251225284;-0.9213633265933538;-0.6801290115400963;1
0.06748690442291011;0.9218956244180099;1.994529799215899;1.2452637686545533;1.9482148003910458;2.1910394156829867;0
0.6700536882835955;-0.3393952732370197;0.5372257858241332;0.1738002023561725;0.6379496404317848;1.412427242415119;0
0.5899374086633552;0.10088535337348643;0.7801036095558673;1.5952549412378731;0.5292614241819819;1.2108456901442002;0
1.026680106699498;1.2691136405250178;2.053342682925114;2.127834529222837;1.4339161529534574;1.6325368946599141;0
0.40342237372141304;-0.1315827185520196;0.3597235481712867;0.5031511802427199;0.7502385651816427;0.8002725104271164;0
-0.1542802941963254;0.13091597155620338;-0.41889861209879253;-0.14772785090096274;0.0990689196501587;-0.22209159157542438;0
-1.1928423494660547;-0.5995883477642572;-0.985526902130468;-0.6891638901772981;-1.3644876737242233;-0.9111955485232155;1
0.17285735542964928;0.229666756209429;0.6335065235927305;0.3869952767168264;1.409347052263727;0.9630512971546248;0
0.6125133228590952;-0.3377986897737212;-0.4457769104438879;1.283482993934472;0.10496517199231695;-0.560521560504325;0
-0.6093972038647357;-0.4221748510783073;-0.16493527931942262;-0.15072160490299302;-0.2626252403709545;0.20819022642878474;0
-0.4120517461237783;0.02409372345115965;-0.13798151710435175;-0.5904514648392029;-0.13590295891299847;0.41932573095400705;1
-1.1957136847670984;-0.6414055828888237;-0.99707704062063;-0.6886547075014134;-1.3644204973713385;-1.042367944381588;1
-0.5688322881467045;-0.3867399204492263;0.12702248746529546;-0.4853164912804414;1.16710508147227;0.30696240703794886;1
-1.0177914110037345;-0.6351912548674603;-0.9189975330266461;-0.6884139835444886;-1.3598168215069124;-1.0452117097293523;1
-0.4115962084709607;-0.36316669686990133;-0.03575719510649713;-0.48098296684550124;0.6273257328871905;-0.12994786481528478;1
-0.6334885623567997;-0.5186239114149864;-0.5885000994635204;-0.6924315066988409;-0.5831900304280452;-0.5534553569723253;1
-1.1861840448669538;-0.59588546587883;-0.8707539575801829;-0.6904822113132582;-1.1446901157921798;-0.9741165330637156;1
2.7059142069460833;0.8220480238234404;0.29275155854857776;-0.03297414019754611;0.1855245829490878;0.40815921317553994;1
0.8376420903160195;1.1235074942693115;1.1664310829970792;1.0381477384975621;1.544630490174332;1.9315956877307399;0
-0.5859169355812605;-0.06290621847691039;-0.03953677429693904;-0.15382254800834155;0.1856487316778562;0.2080655043094155;0
-0.4295355224730897;0.034665855071287194;1.1138585014384197;0.4881824585279686;1.59854735925011;1.532511732343836;0
-1.2002783778486767;-0.6454761853057669;-1.0625756979214387;-0.6877044316049502;-1.4735164468079898;-1.1109362565600929;1
0.4619089839623641;1.8440663275340963;0.4414091038810903;1.2634114042563072;0.5739741213671018;1.0622588254930774;0
-0.6117188080688825;-0.4260749784828662;-0.49962583225405605;-0.3667616866190548;0.1851853028194858;-0.35050967409869127;0
0.3996441872635741;1.2693699047921063;0.8028962352538771;-0.49449241467663463;1.8837353407193658;1.0168272968734804;1
0.03833626962619225;-0.18949588694333835;0.32721673926403244;-0.2634341764492918;0.3068102454316438;0.3334910487747179;1
-0.40766243859209356;-0.3279793663644598;0.07612965693772429;0.28447498863537596;0.732050389647288;0.046908597479022984;1
-0.44686263661594205;-0.39487331585265495;-0.6043400503293146;-0.3637188468568901;-0.1359632307585058;-0.6439376158725928;1
-0.4619096717011218;0.7198681836900651;0.23895644418161963;0.6078917829844047;0.5306780960646725;0.39426859598780506;1
0.44455634045281633;-0.015756160339816763;-0.4453270150525893;-0.36152445166692326;-0.4347282803602654;-0.3757550600357737;1
0.05382703213879992;-0.25865401816444694;1.082721694746199;0.16790282672934015;0.29459858926258664;0.7028739351872677;0
-1.1425713202747387;-0.5952142157991804;-0.0641586328725233;-0.7008462443198915;-0.2763651216323564;-0.21634342126552375;1
-1.1887951937120256;-0.6370172366649737;-0.8966517437428982;-0.5804944823373284;-1.1459410329980237;-0.9973901624976796;1
-0.28581993398803196;-0.5915246045833237;-0.47509968203905784;-0.5811370232046328;-0.6850664696984856;-0.7283595983831773;1
-0.5343559099885729;-0.4382574518899522;-0.6422094847523843;-0.035326414107003316;0.07932714726456902;-0.6850149279992448;1
0.025401583365538334;0.6687807561631616;-0.39135776632468816;0.07161799807729477;-0.5445072412238708;-0.10307228965024222;1
-0.32746105060972414;-0.3325450429385801;-0.14404865319874596;-0.04095219157936385;0.7413431127611697;-0.4145729496958257;1
-0.6296206464046972;-0.3718759382639841;-0.7863480390821687;-0.03396587127075955;-0.13921691229499109;-0.8393019008909963;1
-0.4566450399327526;-0.5938546574989992;-0.27206981435267574;-0.3650459021721106;-0.6942876804909426;-0.521057486019544;1
-0.3581571320697673;0.6322887797384157;0.19679610523593663;-0.37883149679682004;1.1958901928194392;0.4446495686155111;1
-1.013718230428811;-0.5598650530887116;-0.8036297661138222;-0.14208006141465462;-1.3630339257005413;-0.8581331914458068;1
-0.05203271029698375;-0.3224175921344993;-0.046455226761746474;0.8348441708968817;1.2927409576078435;-0.28272362962964676;0
-1.1592364164969877;-0.6085383122018629;-0.7423876101487981;-0.5848812448136838;-0.15968089452298653;-0.5798579178810981;1
0.010981927405354086;0.1621655305178752;1.3420077979104197;0.16046227834164964;1.174959021338107;1.4568912202951907;0
-0.6203334181184275;-0.16914740485463337;-0.7186246638788;-0.47366072867388415;-0.24359946138033767;-0.6699089375806484;0
-0.43364602928396356;-0.3371957956185282;-0.10573458161709703;-0.47890584949540255;-0.5851646043916122;0.3299548239861554;0
-0.08941302432326376;-0.3442365400283327;-0.48950470973717597;-0.36299987973163195;-0.014626768694301573;-0.7586122887407074;0
-0.4700537888979987;0.9373738578363715;-0.39261558094976057;0.8324575931079514;0.7636592809056955;-0.1319801894929336;1
-0.8807622324050465;-0.5900255208836028;-0.5569243735288499;-0.4766704647872209;0.28564173464697507;-0.48993172892814313;1
-0.7392683579522321;1.3200109719074467;-0.4894602032617106;-0.5919805913285251;-0.3272349143566504;0.03127904594079667;0
-1.0537584022235305;-0.5596948081139701;-0.22653444395260144;-0.04208822620549761;0.055374885869294926;-0.2981868475494542;1
-0.3448416242147505;-0.3819408137840293;-0.3372043541372648;-0.36644416534185553;0.19434600561793644;-0.5639419972058246;0
-0.9130212959451683;-0.4666260588478723;-0.862111607944526;-0.6900458500548369;-0.9140546482904458;-0.970276590308108;1
-0.5260059120835846;-0.42525233341483193;-0.6665163574907205;-0.36486265853793304;0.2997673396282128;-0.46692402718013815;1
-0.7933171577744617;-0.5110525070297985;-0.2793611079229803;-0.47826242404980035;-0.26399534669856745;-0.21061659690321133;1
-0.6959837840897061;-0.5012007502726022;-0.21567560475355546;-0.26023648651965325;0.06585338491341158;-0.04978026037214198;1
-0.6591650899973909;-0.5427667906278996;-0.8901593612628369;-0.6874562674350524;-1.23818934892634;-0.9896498887491958;1
-0.4021845169708813;-0.24966314615231827;0.2657443019034921;-0.04558500729118256;0.7365675049264643;-0.2176027575929233;0
0.017344290496058932;-0.18005799893123695;0.05163876737910886;0.6172004063199503;-0.022230162787252167;-0.0829685695513261;0
0.8353834284487194;1.0836004825579602;1.5454149832528687;0.16007833833283808;1.108684080011277;1.5431167930486542;1
-0.90632747672852;-0.5355276291502682;-0.7511888418415067;-0.6916318570294666;-0.6980379414838143;-0.789628563010663;1
-0.3125557069879946;0.4851200575888148;-0.13014705111399932;-0.15285331912889694;-0.12301736412032882;0.29767904875902607;0
0.4110379358188655;-0.34655328802790963;-0.7310286134887847;-0.6845020152222965;-1.0959099748901027;-0.817181642223131;1
-0.8355546086381542;-0.5475553204933409;-0.9201227760622444;-0.6882116507225781;-1.243461846755789;-0.9403251668315031;1
1.901649466774029;0.44876742463849406;0.2675019152786854;-0.364283404274917;0.15644517685229317;0.29819253921690037;1
-0.837890787864372;-0.6261108008952708;-0.9836860401964197;-0.5779987897224728;-1.135335529784416;-0.9731768295919347;1
1.1347669100994529;-0.4692704058786166;-0.3218626949170158;0.19068134685178584;-0.31840292393708725;-0.5923611005713942;1
-1.2031081651986868;-0.6479210341621313;-1.073953877663283;-0.6873353142203974;-1.583372363070792;-1.1261968523945676;1
-1.2057970302679228;-0.650075785704858;-1.085467247545104;-0.6869951224837318;-1.69332896426199;-1.1278856133736777;1
0.0007397394904719405;-0.003748220404812916;-0.2711809655364773;0.8400034240876483;-0.6765335657034875;-0.0927978298835349;0
0.8213639202816232;-0.021028253778926576;-0.28072297701766497;-0.2539752601756974;0.4509272495991006;-0.07872296145334615;0
0.03700415168118547;-0.37382372381628404;0.5207136093467448;-0.7030631554978292;0.08063867462161366;0.6347727026973545;1
-1.1729208131481306;-0.47042930278381434;-0.6687175011507595;-0.47443860475117194;-1.0370014822327653;-0.6036859860809336;1
-0.10238485560173585;-0.2012609009352881;-0.6796531536022822;-0.25110477925834024;-0.6712054673194281;-0.6341870644387395;0
1.4541142052498721;0.42535293009099245;0.47102707184098436;-0.3669972623923533;-0.29673480644429673;0.1486456720289487;1
1.7772824912101903;1.94362104784438;2.387641850715928;1.9049013113231326;1.9038679373307257;2.366624294981276;1
-1.0864895143530875;-0.5055525039875052;-0.8702960622950877;-0.6913693443494864;-0.811307779758538;-0.8020871832568623;1
-0.25371946552411945;-0.5205070838037809;-0.617198935906262;-0.3649659276190079;0.6319599030756293;-0.1601514756707025;1
-1.182177500015635;-0.40191484221362916;-0.8977450626472112;-0.6907903087856677;-1.250201560849582;-0.8934352198284845;1
0.40591799038183735;-0.3181600871350681;0.4988470967045187;0.17349045584699907;0.9669115733867438;0.7135871392008564;1
1.1000159427052234;3.1483602473103827;1.1194325477181415;0.7011820690191986;2.1452610573742446;2.9217072507765804;0
-1.0911571922944368;-0.6252584735576088;-0.8405508454140125;-0.6909268820927978;-0.813339643388898;-0.9546043115003708;1
0.9259123248868708;0.6133322678179147;2.326807237790516;1.798153096833763;1.414029303306579;1.6954697414107063;0
1.6483712473137218;1.6060622155916153;2.21267039812725;4.868008730250956;1.6647717970915008;1.6066520034083847;1
0.6323892944860653;0.5227615824177396;0.46669977492815784;1.1548801007242844;2.0838358357662625;1.2778835529483157;0
0.44594075773737313;-0.1370139498996388;-0.23435464530414224;0.18483375172749583;-0.22101816488977682;-0.5134906054507463;1
1.0618485153528994;0.26485240506141194;1.5913824272379478;-0.2729598605695764;0.5496954458244979;1.2365900652907813;1
0.7554613023002972;-0.04323060769747256;0.7178318786960824;-0.5922040911193072;0.21891950560221404;0.3930242077896884;1
-0.057853568630335805;-0.47113397664993895;0.5183852120065096;0.06448842905380772;0.29553021245583366;0.1588986686625613;1
0.10755757541812314;-0.46670750625229407;0.04333161695533089;-0.36859177800882464;0.19650178144683403;0.11594428201504206;1
-0.9023118040897;-0.3822200051764104;-0.40708839453340673;-0.6943825876329142;-1.1374966423040374;-0.6631896487063781;1
